,ccg,month,year,ae_attendances_attendances,population,gp_appt_available,amb_sys_made,amb_sys_answered,111_111_offered,111_111_answered,People,Lives,Places
0,00Q,Jan,2018,1179.8552456660982,14.8942,4568.019766083442,310.5618013109489,234.71618677292483,478.5722516850186,363.58153185291974,97.2,94.4,99.7
1,00Q,Feb,2018,1075.4521894428703,14.8942,3910.91834405339,261.75643484568997,205.2987969287578,411.81879031724196,302.30054994495646,97.2,94.4,99.7
2,00Q,Mar,2018,1210.8740315021955,14.8942,4051.7785446683943,303.67621537362794,234.71618677292483,486.32983457518407,353.8673904462081,97.2,94.4,99.7
3,00Q,Apr,2018,1186.1664271998495,14.8942,3974.433000765399,264.97318059068954,203.67792374895882,411.43630519370663,327.3288072593715,97.2,94.4,99.7
4,00Q,May,2018,1299.2977132037977,14.8942,4232.385760900216,294.36140305115833,227.92643652489792,424.9605868694818,334.7186159922914,97.2,94.4,99.7
5,00Q,Jun,2018,1166.292919391441,14.8942,4126.7070403244215,281.1069105448842,220.21374692127847,386.6556824785036,299.35345303156237,97.2,94.4,99.7
6,00Q,Jul,2018,1099.0184098508144,14.8942,4414.738623088182,297.86982263313973,235.57245782292148,399.85387106818774,292.9590863509203,97.2,94.4,99.7
7,00Q,Aug,2018,993.675390420432,14.8942,4025.7281357844,274.16507322471676,213.85109050597492,353.2446262066057,281.7615891766517,97.2,94.4,99.7
8,00Q,Sep,2018,1005.2235098226156,14.8942,4297.578923339286,269.15661676682885,209.47181618214782,355.8288526181842,287.2904606739093,97.2,94.4,99.7
9,00Q,Oct,2018,1063.7026493534397,14.8942,5339.796699386338,299.02401767376784,230.861925355665,384.7040276173874,301.20213112864985,97.2,94.4,99.7
10,00Q,Nov,2018,1031.0053577902809,14.8942,4961.192947590337,283.9882313773547,216.54907349805683,395.6833121250236,312.7870170818837,97.2,94.4,99.7
11,00Q,Dec,2018,1028.1183279397349,14.8942,3836.9298116045175,285.202844569929,228.23686082282856,468.01222971664225,380.8350434831645,97.2,94.4,99.7
12,00R,Jan,2018,1186.8920713542227,13.9305,4650.01256236316,310.56180131094885,234.71618677292483,478.5722516850186,363.58153185291974,85.8,88.0,97.6
13,00R,Feb,2018,1116.6864075230608,13.9305,4060.58648289724,261.75643484568997,205.29879692875784,411.81879031724196,302.3005499449564,85.8,88.0,97.6
14,00R,Mar,2018,1298.7329959441513,13.9305,4364.452101503895,303.67621537362794,234.71618677292483,486.329834575184,353.8673904462081,85.8,88.0,97.6
15,00R,Apr,2018,1272.9622052331215,13.9305,4149.815153799217,264.97318059068954,203.67792374895882,411.43630519370663,327.32880725937144,85.8,88.0,97.6
16,00R,May,2018,1393.4173217041744,13.9305,4304.79882272711,294.36140305115833,227.9264365248979,424.9605868694818,334.7186159922914,85.8,88.0,97.6
17,00R,Jun,2018,1304.9782850579663,13.9305,4458.203223143462,281.1069105448842,220.21374692127847,386.65568247850354,299.35345303156237,85.8,88.0,97.6
18,00R,Jul,2018,1382.2906571910555,13.9305,4702.487347905674,297.86982263313973,235.57245782292148,399.8538710681878,292.95908635092024,85.8,88.0,97.6
19,00R,Aug,2018,1319.981335917591,13.9305,4435.734539320197,274.16507322471676,213.85109050597492,353.2446262066057,281.76158917665174,85.8,88.0,97.6
20,00R,Sep,2018,1271.6700764509528,13.9305,4577.2226409676605,269.15661676682885,209.47181618214782,355.8288526181842,287.2904606739093,85.8,88.0,97.6
21,00R,Oct,2018,1319.478841391192,13.9305,5454.9370087218695,299.02401767376784,230.861925355665,384.70402761738734,301.20213112864985,85.8,88.0,97.6
22,00R,Nov,2018,1224.2202361724271,13.9305,5275.690032662144,283.9882313773547,216.54907349805683,395.6833121250236,312.7870170818836,85.8,88.0,97.6
23,00R,Dec,2018,1209.3607551774885,13.9305,4041.9224004881376,285.20284456992897,228.23686082282856,468.01222971664225,380.8350434831645,85.8,88.0,97.6
24,00T,Jan,2018,328.5886492017437,28.5372,3071.044110844792,310.5618013109489,234.71618677292486,478.57225168501856,363.58153185291974,95.2,96.6,100.1
25,00T,Feb,2018,296.7004471356685,28.5372,2750.7253689920526,261.75643484568997,205.29879692875784,411.81879031724196,302.30054994495646,95.2,96.6,100.1
26,00T,Mar,2018,354.0992108546038,28.5372,2863.455419592672,303.67621537362794,234.71618677292486,486.32983457518407,353.86739044620805,95.2,96.6,100.1
27,00T,Apr,2018,343.34132290484,28.5372,2653.8342934835937,264.97318059068954,203.67792374895882,411.4363051937066,327.3288072593715,95.2,96.6,100.1
28,00T,May,2018,381.4669974629607,28.5372,2778.408533423041,294.3614030511584,227.92643652489792,424.9605868694818,334.7186159922914,95.2,96.6,100.1
29,00T,Jun,2018,351.0155165888735,28.5372,2705.9066761980853,281.1069105448842,220.21374692127847,386.65568247850354,299.35345303156237,95.2,96.6,100.1
30,00T,Jul,2018,361.0375229524971,28.5372,2875.965406557056,297.86982263313973,235.57245782292148,399.85387106818774,292.95908635092024,95.2,96.6,100.1
31,00T,Aug,2018,329.99032841343933,28.5372,2766.1438403207044,274.16507322471676,213.85109050597495,353.2446262066057,281.7615891766517,95.2,96.6,100.1
32,00T,Sep,2018,333.0039387185849,28.5372,3030.9560853902976,269.15661676682885,209.47181618214782,355.8288526181842,287.29046067390937,95.2,96.6,100.1
33,00T,Oct,2018,351.26081045092025,28.5372,3876.484027865383,299.0240176737678,230.861925355665,384.70402761738734,301.2021311286498,95.2,96.6,100.1
34,00T,Nov,2018,345.1985478603367,28.5372,3702.9561414574664,283.9882313773547,216.54907349805683,395.6833121250236,312.7870170818837,95.2,96.6,100.1
35,00T,Dec,2018,345.8643454858921,28.5372,2963.5002733274464,285.202844569929,228.23686082282856,468.01222971664225,380.8350434831645,95.2,96.6,100.1
36,01E,Jan,2018,594.2378136076856,20.2562,3386.1237547022643,310.56180131094885,234.71618677292483,478.5722516850185,363.5815318529197,105.96666666666664,105.33333333333331,101.4
37,01E,Feb,2018,551.7816767212014,20.2562,2949.2698531807546,261.7564348456899,205.29879692875784,411.8187903172419,302.3005499449564,105.96666666666664,105.33333333333331,101.4
38,01E,Mar,2018,638.4711841312783,20.2562,3097.0270830659256,303.6762153736279,234.71618677292483,486.329834575184,353.86739044620805,105.96666666666664,105.33333333333331,101.4
39,01E,Apr,2018,639.3104333488019,20.2562,3122.056456788539,264.97318059068954,203.67792374895882,411.4363051937066,327.32880725937144,105.96666666666664,105.33333333333331,101.4
40,01E,May,2018,677.2741185414836,20.2562,3205.635805333676,294.36140305115833,227.9264365248979,424.9605868694818,334.7186159922914,105.96666666666664,105.33333333333331,101.4
41,01E,Jun,2018,674.7070032878822,20.2562,2989.9487564301303,281.1069105448842,220.21374692127847,386.65568247850354,299.3534530315623,105.96666666666664,105.33333333333331,101.4
42,01E,Jul,2018,728.2214828052646,20.2562,3040.0075038753566,297.86982263313973,235.57245782292148,399.85387106818774,292.95908635092024,105.96666666666664,105.33333333333331,101.4
43,01E,Aug,2018,638.56991933334,20.2562,2887.659087094322,274.16507322471676,213.85109050597492,353.2446262066057,281.7615891766517,105.96666666666664,105.33333333333331,101.4
44,01E,Sep,2018,622.871022205547,20.2562,2853.151133973796,269.15661676682885,209.4718161821478,355.8288526181842,287.2904606739093,105.96666666666664,105.33333333333331,101.4
45,01E,Oct,2018,654.5156544662868,20.2562,3649.8948470098044,299.0240176737678,230.861925355665,384.70402761738734,301.2021311286498,105.96666666666664,105.33333333333331,101.4
46,01E,Nov,2018,616.6013368746359,20.2562,3555.4052586368616,283.9882313773547,216.54907349805683,395.6833121250235,312.7870170818837,105.96666666666664,105.33333333333331,101.4
47,01E,Dec,2018,622.6735518014237,20.2562,2724.8447388947584,285.202844569929,228.23686082282856,468.01222971664225,380.83504348316444,105.96666666666664,105.33333333333331,101.4
48,01G,Jan,2018,339.8478035281909,25.4408,1385.1765667746297,310.5618013109489,234.71618677292483,478.57225168501856,363.58153185291974,90.6,91.3,97.5
49,01G,Feb,2018,313.94453004622494,25.4408,1316.1142731360649,261.75643484568997,205.29879692875784,411.81879031724196,302.30054994495646,90.6,91.3,97.5
50,01G,Mar,2018,359.42265966479044,25.4408,1417.3296437218955,303.67621537362794,234.71618677292483,486.32983457518407,353.8673904462081,90.6,91.3,97.5
51,01G,Apr,2018,343.3461211911575,25.4408,1299.6053583220653,264.97318059068954,203.67792374895882,411.43630519370663,327.32880725937144,90.6,91.3,97.5
52,01G,May,2018,370.1141473538568,25.4408,1470.2367850067608,294.36140305115833,227.92643652489792,424.9605868694818,334.7186159922914,90.6,91.3,97.5
53,01G,Jun,2018,355.4919656614572,25.4408,1546.4136347913588,281.1069105448842,220.2137469212785,386.6556824785036,299.35345303156237,90.6,91.3,97.5
54,01G,Jul,2018,367.99157259205685,25.4408,1708.240306908588,297.86982263313973,235.57245782292148,399.8538710681878,292.9590863509203,90.6,91.3,97.5
55,01G,Aug,2018,339.2975063677243,25.4408,1698.8459482406215,274.16507322471676,213.85109050597495,353.2446262066057,281.76158917665174,90.6,91.3,97.5
56,01G,Sep,2018,338.2362189868243,25.4408,1752.4213075060534,269.15661676682885,209.4718161821478,355.8288526181842,287.29046067390937,90.6,91.3,97.5
57,01G,Oct,2018,365.3580076098236,25.4408,2131.49743718751,299.02401767376784,230.861925355665,384.70402761738734,301.20213112864985,90.6,91.3,97.5
58,01G,Nov,2018,348.49533033552405,25.4408,1958.1538316405145,283.9882313773547,216.54907349805683,395.68331212502363,312.7870170818837,90.6,91.3,97.5
59,01G,Dec,2018,340.94839784912426,25.4408,1608.9116694443571,285.202844569929,228.23686082282856,468.01222971664225,380.8350434831645,90.6,91.3,97.5
60,01J,Jan,2018,1359.993454066806,14.9571,5045.496787478856,310.5618013109489,234.71618677292483,478.57225168501856,363.5815318529197,92.5,88.5,103.8
61,01J,Feb,2018,1224.1527425598003,14.9571,4459.487467490356,261.75643484568997,205.2987969287578,411.8187903172419,302.3005499449564,92.5,88.5,103.8
62,01J,Mar,2018,1432.952031275748,14.9571,4777.396687860614,303.67621537362794,234.71618677292483,486.329834575184,353.86739044620805,92.5,88.5,103.8
63,01J,Apr,2018,1161.8289099271742,14.9571,4544.530691109908,264.9731805906895,203.67792374895882,411.4363051937066,327.32880725937144,92.5,88.5,103.8
64,01J,May,2018,1277.6815351611788,14.9571,4761.885659653275,294.36140305115833,227.92643652489792,424.9605868694818,334.7186159922914,92.5,88.5,103.8
65,01J,Jun,2018,1209.8277266036243,14.9571,4560.643440239083,281.1069105448842,220.21374692127847,386.65568247850354,299.3534530315623,92.5,88.5,103.8
66,01J,Jul,2018,1261.6991118362516,14.9571,4828.208676815692,297.8698226331397,235.57245782292148,399.8538710681877,292.9590863509203,92.5,88.5,103.8
67,01J,Aug,2018,1157.3611460530424,14.9571,4470.251586203208,274.16507322471676,213.85109050597495,353.2446262066057,281.7615891766517,92.5,88.5,103.8
68,01J,Sep,2018,1136.636747420848,14.9571,4310.32753675512,269.15661676682885,209.47181618214782,355.82885261818416,287.29046067390937,92.5,88.5,103.8
69,01J,Oct,2018,1353.0532386958891,14.9571,5743.626772569549,299.0240176737678,230.861925355665,384.70402761738734,301.2021311286498,92.5,88.5,103.8
70,01J,Nov,2018,1313.4149094759305,14.9571,5274.35131141732,283.9882313773547,216.54907349805683,395.6833121250235,312.7870170818836,92.5,88.5,103.8
71,01J,Dec,2018,1313.1169117763384,14.9571,4133.421585735203,285.20284456992897,228.23686082282856,468.0122297166422,380.8350434831645,92.5,88.5,103.8
72,01K,Jan,2018,262.09116319591493,33.0572,5094.079353363261,310.56180131094885,234.71618677292483,478.57225168501856,363.58153185291974,100.2442748091603,103.86870229007631,101.95038167938932
73,01K,Feb,2018,247.72213012596347,33.0572,4387.66743704851,261.75643484568997,205.29879692875784,411.81879031724196,302.3005499449564,100.2442748091603,103.86870229007631,101.95038167938932
74,01K,Mar,2018,288.0764251055746,33.0572,4698.734315066006,303.67621537362794,234.71618677292483,486.329834575184,353.86739044620805,100.2442748091603,103.86870229007631,101.95038167938932
75,01K,Apr,2018,300.0556610965236,33.0572,4347.887903391696,264.9731805906895,203.67792374895885,411.4363051937066,327.32880725937144,100.2442748091603,103.86870229007631,101.95038167938932
76,01K,May,2018,325.1031545321443,33.0572,4577.6109289353,294.36140305115833,227.9264365248979,424.9605868694818,334.7186159922914,100.2442748091603,103.86870229007631,101.95038167938932
77,01K,Jun,2018,311.4298851687378,33.0572,4294.102343816173,281.1069105448842,220.2137469212785,386.6556824785036,299.3534530315623,100.2442748091603,103.86870229007631,101.95038167938932
78,01K,Jul,2018,339.8351947533366,33.0572,4464.443449535956,297.86982263313973,235.57245782292148,399.8538710681877,292.95908635092024,100.2442748091603,103.86870229007631,101.95038167938932
79,01K,Aug,2018,299.75315513715617,33.0572,4364.253475793473,274.16507322471676,213.85109050597492,353.24462620660563,281.76158917665174,100.2442748091603,103.86870229007631,101.95038167938932
80,01K,Sep,2018,310.61311907844583,33.0572,4366.159263337488,269.15661676682885,209.47181618214782,355.8288526181842,287.2904606739093,100.2442748091603,103.86870229007631,101.95038167938932
81,01K,Oct,2018,305.86377551637764,33.0572,5193.724816378883,299.0240176737678,230.861925355665,384.70402761738734,301.2021311286498,100.2442748091603,103.86870229007631,101.95038167938932
82,01K,Nov,2018,290.466222184577,33.0572,5172.609900415038,283.9882313773547,216.54907349805683,395.6833121250235,312.7870170818836,100.2442748091603,103.86870229007631,101.95038167938932
83,01K,Dec,2018,286.866401268105,33.0572,3983.852231888968,285.202844569929,228.23686082282853,468.0122297166422,380.83504348316444,100.2442748091603,103.86870229007631,101.95038167938932
84,01V,Jan,2018,1014.6437211064144,11.6159,4599.127058600711,310.56180131094885,234.7161867729248,478.5722516850185,363.58153185291974,94.8,95.4,103.7
85,01V,Feb,2018,943.2760268252998,11.6159,4027.152437607073,261.7564348456899,205.29879692875784,411.81879031724196,302.30054994495646,94.8,95.4,103.7
86,01V,Mar,2018,1035.9937671639734,11.6159,4340.860372420561,303.67621537362794,234.7161867729248,486.329834575184,353.8673904462081,94.8,95.4,103.7
87,01V,Apr,2018,1023.9413218088998,11.6159,4333.19846073055,264.97318059068954,203.67792374895882,411.4363051937066,327.32880725937144,94.8,95.4,103.7
88,01V,May,2018,1087.4749266092167,11.6159,4308.060503275682,294.36140305115833,227.9264365248979,424.9605868694818,334.7186159922914,94.8,95.4,103.7
89,01V,Jun,2018,1013.3523876755138,11.6159,4143.11417970196,281.1069105448842,220.21374692127847,386.65568247850354,299.3534530315623,94.8,95.4,103.7
90,01V,Jul,2018,1050.8871460670289,11.6159,4275.088456340017,297.86982263313973,235.57245782292145,399.8538710681877,292.95908635092024,94.8,95.4,103.7
91,01V,Aug,2018,982.876918706256,11.6159,4142.769824120387,274.16507322471676,213.85109050597495,353.2446262066057,281.7615891766517,94.8,95.4,103.7
92,01V,Sep,2018,1031.000611231157,11.6159,4293.855835535775,269.15661676682885,209.47181618214782,355.8288526181842,287.2904606739093,94.8,95.4,103.7
93,01V,Oct,2018,1062.2508802589557,11.6159,5266.488175690218,299.0240176737678,230.861925355665,384.7040276173873,301.20213112864985,94.8,95.4,103.7
94,01V,Nov,2018,1048.1323014144405,11.6159,5014.936423350752,283.9882313773547,216.5490734980568,395.6833121250235,312.7870170818837,94.8,95.4,103.7
95,01V,Dec,2018,999.1477199356056,11.6159,3818.903399650479,285.202844569929,228.23686082282856,468.01222971664225,380.83504348316444,94.8,95.4,103.7
96,01W,Jan,2018,272.2303144546311,29.1775,3951.983548967527,310.5618013109489,234.71618677292483,478.57225168501856,363.58153185291974,100.2,104.2,104.4
97,01W,Feb,2018,245.05183788878415,29.1775,3442.241453174536,261.75643484568997,205.29879692875784,411.818790317242,302.30054994495646,100.2,104.2,104.4
98,01W,Mar,2018,283.16339645274616,29.1775,3675.1606546140006,303.67621537362794,234.71618677292483,486.329834575184,353.8673904462081,100.2,104.2,104.4
99,01W,Apr,2018,264.0047982178048,29.1775,3614.908748179248,264.97318059068954,203.67792374895882,411.43630519370663,327.3288072593715,100.2,104.2,104.4
100,01W,May,2018,292.1086453602948,29.1775,3759.746379916032,294.36140305115833,227.92643652489792,424.96058686948186,334.7186159922914,100.2,104.2,104.4
101,01W,Jun,2018,293.41101876445896,29.1775,3544.889041213264,281.1069105448843,220.2137469212785,386.6556824785036,299.35345303156237,100.2,104.2,104.4
102,01W,Jul,2018,307.3258503984235,29.1775,3807.762830948505,297.86982263313973,235.57245782292148,399.85387106818774,292.9590863509203,100.2,104.2,104.4
103,01W,Aug,2018,275.2463370748008,29.1775,3615.5256618970097,274.16507322471676,213.85109050597492,353.2446262066057,281.76158917665174,100.2,104.2,104.4
104,01W,Sep,2018,285.596778339474,29.1775,3782.2637306143433,269.15661676682885,209.4718161821478,355.8288526181842,287.29046067390937,100.2,104.2,104.4
105,01W,Oct,2018,283.78031017050813,29.1775,4552.99460200497,299.0240176737678,230.861925355665,384.7040276173874,301.2021311286498,100.2,104.2,104.4
106,01W,Nov,2018,282.40939079770374,29.1775,4344.306400479822,283.9882313773547,216.54907349805683,395.6833121250236,312.7870170818837,100.2,104.2,104.4
107,01W,Dec,2018,268.3574672264588,29.1775,3411.532859223717,285.202844569929,228.23686082282856,468.01222971664225,380.83504348316455,100.2,104.2,104.4
108,01Y,Jan,2018,483.8117186684351,25.8613,4565.083735156392,310.56180131094885,234.7161867729248,478.5722516850185,363.58153185291974,97.8375,98.23875,101.4075
109,01Y,Feb,2018,436.4436435910028,25.8613,4021.027558552741,261.7564348456899,205.2987969287578,411.81879031724196,302.3005499449564,97.8375,98.23875,101.4075
110,01Y,Mar,2018,464.2458035752263,25.8613,4203.384980646758,303.67621537362794,234.7161867729248,486.329834575184,353.8673904462081,97.8375,98.23875,101.4075
111,01Y,Apr,2018,475.2661312463024,25.8613,3984.602475513605,264.9731805906895,203.67792374895882,411.4363051937066,327.32880725937144,97.8375,98.23875,101.4075
112,01Y,May,2018,504.4990004369464,25.8613,4148.8246917208335,294.36140305115833,227.92643652489787,424.9605868694818,334.7186159922914,97.8375,98.23875,101.4075
113,01Y,Jun,2018,471.747359954836,25.8613,3868.328351629655,281.1069105448842,220.21374692127844,386.6556824785036,299.3534530315623,97.8375,98.23875,101.4075
114,01Y,Jul,2018,499.00817050960313,25.8613,4181.034982773488,297.86982263313973,235.57245782292145,399.85387106818774,292.95908635092024,97.8375,98.23875,101.4075
115,01Y,Aug,2018,440.1944217808076,25.8613,3966.0419236465295,274.16507322471676,213.85109050597492,353.24462620660563,281.7615891766517,97.8375,98.23875,101.4075
116,01Y,Sep,2018,470.9740036270412,25.8613,4080.6146636093313,269.15661676682885,209.47181618214782,355.8288526181842,287.2904606739093,97.8375,98.23875,101.4075
117,01Y,Oct,2018,491.9706279266704,25.8613,4915.607490729391,299.0240176737678,230.861925355665,384.7040276173873,301.2021311286498,97.8375,98.23875,101.4075
118,01Y,Nov,2018,475.8074806757588,25.8613,4595.24463194039,283.9882313773547,216.5490734980568,395.6833121250235,312.7870170818837,97.8375,98.23875,101.4075
119,01Y,Dec,2018,459.4896621592882,25.8613,3651.40190168321,285.20284456992897,228.23686082282853,468.0122297166422,380.8350434831645,97.8375,98.23875,101.4075
120,02E,Jan,2018,530.4069794090649,20.9547,4375.86794370714,310.56180131094885,234.71618677292483,478.57225168501856,363.58153185291974,101.1,101.3,101.6
121,02E,Feb,2018,472.5324195729743,20.9547,3751.521138455812,261.75643484568997,205.2987969287578,411.8187903172419,302.30054994495646,101.1,101.3,101.6
122,02E,Mar,2018,556.7728264248422,20.9547,4097.505571542422,303.6762153736279,234.71618677292483,486.32983457518395,353.86739044620805,101.1,101.3,101.6
123,02E,Apr,2018,535.650623599996,20.9547,3648.203028437535,264.9731805906895,203.6779237489588,411.4363051937066,327.32880725937144,101.1,101.3,101.6
124,02E,May,2018,577.2644776098883,20.9547,3874.6915966346455,294.36140305115833,227.92643652489787,424.96058686948174,334.7186159922914,101.1,101.3,101.6
125,02E,Jun,2018,565.8614885648173,20.9547,3612.7933112857736,281.1069105448842,220.21374692127847,386.65568247850354,299.3534530315623,101.1,101.3,101.6
126,02E,Jul,2018,573.9791049548224,20.9547,3720.167790519549,297.86982263313973,235.57245782292148,399.8538710681877,292.9590863509203,101.1,101.3,101.6
127,02E,Aug,2018,525.1157835868163,20.9547,3544.0259225853865,274.16507322471676,213.85109050597492,353.2446262066057,281.76158917665174,101.1,101.3,101.6
128,02E,Sep,2018,513.4579499194525,20.9547,3729.139524784416,269.15661676682885,209.4718161821478,355.82885261818416,287.2904606739093,101.1,101.3,101.6
129,02E,Oct,2018,545.75279622715,20.9547,4623.831407751006,299.0240176737678,230.861925355665,384.70402761738734,301.2021311286498,101.1,101.3,101.6
130,02E,Nov,2018,518.6951233883955,20.9547,4450.552859263077,283.9882313773547,216.54907349805683,395.6833121250236,312.7870170818837,101.1,101.3,101.6
131,02E,Dec,2018,509.6304652870017,20.9547,3508.9979813597906,285.202844569929,228.23686082282856,468.01222971664225,380.83504348316444,101.1,101.3,101.6
132,02H,Jan,2018,324.97125857910265,32.6088,3434.379676651701,310.56180131094897,234.71618677292486,478.5722516850185,363.58153185291974,94.3,98.3,102.7
133,02H,Feb,2018,303.7048257474364,32.6088,3115.754029587105,261.75643484568997,205.29879692875787,411.8187903172419,302.30054994495646,94.3,98.3,102.7
134,02H,Mar,2018,348.8072430485288,32.6088,3348.237285640685,303.676215373628,234.71618677292486,486.32983457518395,353.86739044620805,94.3,98.3,102.7
135,02H,Apr,2018,338.46724470012475,32.6088,3039.854272466328,264.97318059068954,203.67792374895885,411.4363051937066,327.32880725937144,94.3,98.3,102.7
136,02H,May,2018,368.92450999327787,32.6088,3145.3779347906084,294.3614030511584,227.92643652489792,424.96058686948174,334.7186159922914,94.3,98.3,102.7
137,02H,Jun,2018,359.0143757509554,32.6088,3027.6183116214024,281.1069105448842,220.2137469212785,386.65568247850354,299.3534530315623,94.3,98.3,102.7
138,02H,Jul,2018,370.6386087116724,32.6088,3066.258187973798,297.8698226331398,235.5724578229215,399.8538710681877,292.95908635092024,94.3,98.3,102.7
139,02H,Aug,2018,335.9703482508825,32.6088,2961.5318564313925,274.16507322471676,213.85109050597495,353.24462620660563,281.7615891766517,94.3,98.3,102.7
140,02H,Sep,2018,327.6371164217783,32.6088,3126.211329457079,269.15661676682885,209.47181618214785,355.82885261818416,287.2904606739093,94.3,98.3,102.7
141,02H,Oct,2018,346.5390104634533,32.6088,3833.5050661171217,299.0240176737678,230.861925355665,384.7040276173873,301.2021311286498,94.3,98.3,102.7
142,02H,Nov,2018,349.4340532436261,32.6088,3787.290547336915,283.98823137735474,216.54907349805686,395.6833121250236,312.7870170818836,94.3,98.3,102.7
143,02H,Dec,2018,334.24871592700714,32.6088,2868.734820048576,285.202844569929,228.2368608228286,468.0122297166422,380.83504348316444,94.3,98.3,102.7
144,02P,Jan,2018,296.69778424871225,24.5199,5362.134429585765,180.81876045232352,125.02433836178457,447.82358214897386,438.5781842942073,95.7,99.0,100.4
145,02P,Feb,2018,277.2034143695529,24.5199,4708.70598982867,182.54070703270284,136.07688838744613,388.43921723101244,377.68203119282805,95.7,99.0,100.4
146,02P,Mar,2018,312.07305086888607,24.5199,4939.294205930693,207.86936771989605,154.812337759223,465.8475906703998,431.46494985350415,95.7,99.0,100.4
147,02P,Apr,2018,312.23618367122214,24.5199,4756.667033715472,186.75336911182282,137.69345854287874,464.4110907431282,414.7268647470571,95.7,99.0,100.4
148,02P,May,2018,342.1710528998895,24.5199,4903.568122219095,196.7329955380269,152.0557862793668,470.41608205335774,422.45746288815997,95.7,99.0,100.4
149,02P,Jun,2018,322.2280678143059,24.5199,4693.249156807328,188.22863906107688,147.48628130667726,406.2373609839995,367.93671931725004,95.7,99.0,100.4
150,02P,Jul,2018,331.8121199515496,24.5199,4829.791312362611,209.22010189421306,156.31395181471376,435.280558674999,396.3715878985874,95.7,99.0,100.4
151,02P,Aug,2018,311.17582045603774,24.5199,4645.859077728702,195.1020558701015,141.70494744710044,414.29320439165434,390.0774896847561,95.7,99.0,100.4
152,02P,Sep,2018,308.07629721165256,24.5199,4518.57470870599,192.14672613409581,141.7121322033468,413.0012579161837,382.85584015520226,95.7,99.0,100.4
153,02P,Oct,2018,332.6277839632299,24.5199,5673.5141660447225,199.98769011763122,145.57992598264116,443.5622668510928,395.0374799996748,95.7,99.0,100.4
154,02P,Nov,2018,325.00132545401897,24.5199,5330.731365136073,199.92063239266514,144.12621030212617,466.7962226978433,406.9029091683328,95.7,99.0,100.4
155,02P,Dec,2018,342.0487032981374,24.5199,4239.5768335107405,218.1363843959548,155.14762638405347,543.4185867430632,493.1290431675758,95.7,99.0,100.4
156,02X,Jan,2018,440.5523246452976,31.0542,5567.588281134274,180.81876045232352,125.02433836178459,447.8235821489738,438.5781842942073,92.9,95.2,96.9
157,02X,Feb,2018,405.13038493987926,31.0542,4850.583817969872,182.54070703270287,136.07688838744613,388.4392172310124,377.68203119282805,92.9,95.2,96.9
158,02X,Mar,2018,443.45048334846814,31.0542,5045.243477532829,207.86936771989608,154.81233775922303,465.84759067039977,431.46494985350415,92.9,95.2,96.9
159,02X,Apr,2018,463.1579625300281,31.0542,4812.360324851388,186.75336911182282,137.69345854287874,464.4110907431282,414.7268647470571,92.9,95.2,96.9
160,02X,May,2018,494.1360588905848,31.0542,5027.500305916752,196.7329955380269,152.0557862793668,470.41608205335774,422.4574628881599,92.9,95.2,96.9
161,02X,Jun,2018,478.4860018934637,31.0542,4682.555016712715,188.2286390610769,147.48628130667726,406.23736098399945,367.93671931725,92.9,95.2,96.9
162,02X,Jul,2018,517.289126752581,31.0542,4813.197570698972,209.2201018942131,156.3139518147138,435.280558674999,396.3715878985874,92.9,95.2,96.9
163,02X,Aug,2018,456.3955922226301,31.0542,4568.109949700845,195.10205587010154,141.70494744710044,414.29320439165434,390.0774896847561,92.9,95.2,96.9
164,02X,Sep,2018,458.13448744453245,31.0542,4736.589575645162,192.14672613409581,141.7121322033468,413.00125791618376,382.85584015520226,92.9,95.2,96.9
165,02X,Oct,2018,469.3729028601606,31.0542,5703.479722549607,199.98769011763125,145.57992598264116,443.5622668510928,395.03747999967476,92.9,95.2,96.9
166,02X,Nov,2018,452.724591198614,31.0542,5311.71306940768,199.92063239266514,144.1262103021262,466.79622269784323,406.9029091683328,92.9,95.2,96.9
167,02X,Dec,2018,462.93255018644817,31.0542,4378.731379330332,218.1363843959548,155.1476263840535,543.4185867430632,493.1290431675758,92.9,95.2,96.9
168,03F,Jan,2018,711.1435093709835,26.0645,4964.760497995358,180.81876045232352,125.02433836178456,447.82358214897374,438.5781842942072,89.4,89.1,92.5
169,03F,Feb,2018,655.226073778511,26.0645,4406.146290932111,182.54070703270284,136.0768883874461,388.4392172310123,377.68203119282794,89.4,89.1,92.5
170,03F,Mar,2018,724.8548792418808,26.0645,4704.252911047593,207.86936771989605,154.812337759223,465.84759067039977,431.4649498535041,89.4,89.1,92.5
171,03F,Apr,2018,734.4280534827064,26.0645,4323.773715206507,186.75336911182282,137.69345854287874,464.41109074312817,414.72686474705705,89.4,89.1,92.5
172,03F,May,2018,792.0735099464789,26.0645,4469.757716434231,196.7329955380269,152.05578627936677,470.4160820533577,422.45746288815985,89.4,89.1,92.5
173,03F,Jun,2018,750.7145734619886,26.0645,4083.2166356538582,188.22863906107688,147.48628130667723,406.2373609839994,367.9367193172499,89.4,89.1,92.5
174,03F,Jul,2018,787.776477584454,26.0645,4051.948051948052,209.2201018942131,156.31395181471376,435.280558674999,396.3715878985873,89.4,89.1,92.5
175,03F,Aug,2018,741.3915478908094,26.0645,3657.810431813386,195.1020558701015,141.70494744710044,414.2932043916543,390.07748968475596,89.4,89.1,92.5
176,03F,Sep,2018,711.5041531585107,26.0645,3888.660822191103,192.1467261340958,141.7121322033468,413.00125791618365,382.8558401552022,89.4,89.1,92.5
177,03F,Oct,2018,758.004181933281,26.0645,5052.197433290491,199.98769011763122,145.57992598264113,443.5622668510928,395.03747999967476,89.4,89.1,92.5
178,03F,Nov,2018,731.1477296706248,26.0645,4711.27395499626,199.9206323926651,144.1262103021262,466.79622269784323,406.90290916833277,89.4,89.1,92.5
179,03F,Dec,2018,739.4732298720483,26.0645,3923.6893092136816,218.13638439595476,155.14762638405347,543.4185867430632,493.1290431675757,89.4,89.1,92.5
180,03H,Jan,2018,780.1227623403682,15.9821,6614.900419844701,265.0018268528134,213.5554882504519,447.8235821489738,438.57818429420723,96.8,96.7,96.4
181,03H,Feb,2018,691.6487820749463,15.9821,5693.306887079921,248.46099669243492,202.46516960886123,388.4392172310124,377.682031192828,96.8,96.7,96.4
182,03H,Mar,2018,799.2691823978075,15.9821,5930.009197790027,277.57345871312646,226.85726029768085,465.8475906703998,431.46494985350415,96.8,96.7,96.4
183,03H,Apr,2018,786.2546223587639,15.9821,5575.988136727964,235.51978770047307,190.16396003999847,464.4110907431282,414.7268647470571,96.8,96.7,96.4
184,03H,May,2018,771.112682313338,15.9821,5809.99993743,256.32728068151226,210.61990404215223,470.4160820533577,422.4574628881599,96.8,96.7,96.4
185,03H,Jun,2018,765.7316622971949,15.9821,5359.996496079989,246.48090458059306,204.2769989615784,406.2373609839995,367.93671931725,96.8,96.7,96.4
186,03H,Jul,2018,892.9364726788094,15.9821,5557.905406673716,269.3676445136726,223.45294411753395,435.28055867499904,396.3715878985874,96.8,96.7,96.4
187,03H,Aug,2018,833.9955325019865,15.9821,5418.874866256624,251.5017451251875,207.84657320872276,414.2932043916544,390.0774896847561,96.8,96.7,96.4
188,03H,Sep,2018,799.8948823996845,15.9821,5263.325845789977,252.15977270105,205.9806593977155,413.0012579161837,382.85584015520226,96.8,96.7,96.4
189,03H,Oct,2018,836.498332509495,15.9821,6589.121579767364,256.4114120610746,204.82986231298798,443.5622668510928,395.03747999967476,96.8,96.7,96.4
190,03H,Nov,2018,810.0312224300936,15.9821,6127.918108383754,259.53028248913506,204.32507403561405,466.79622269784323,406.9029091683328,96.8,96.7,96.4
191,03H,Dec,2018,814.3485524430456,15.9821,5058.972225176916,283.2312939886928,221.43980039229263,543.4185867430632,493.12904316757573,96.8,96.7,96.4
192,03L,Jan,2018,297.2747297588327,26.4671,5407.241443150176,180.8187604523235,125.02433836178456,447.8235821489738,438.57818429420723,92.6,96.9,100.6
193,03L,Feb,2018,272.30032757650065,26.4671,4742.945014754167,182.54070703270287,136.07688838744613,388.43921723101244,377.682031192828,92.6,96.9,100.6
194,03L,Mar,2018,310.5742601191668,26.4671,5013.998511359386,207.86936771989605,154.812337759223,465.84759067039977,431.4649498535041,92.6,96.9,100.6
195,03L,Apr,2018,309.591908444824,26.4671,4836.155075546622,186.7533691118228,137.69345854287874,464.4110907431282,414.7268647470571,92.6,96.9,100.6
196,03L,May,2018,334.83078992409446,26.4671,4872.955480577774,196.73299553802684,152.05578627936677,470.4160820533577,422.4574628881599,92.6,96.9,100.6
197,03L,Jun,2018,317.6396356230944,26.4671,4650.75508839276,188.22863906107688,147.48628130667723,406.23736098399945,367.93671931725,92.6,96.9,100.6
198,03L,Jul,2018,329.76790052555816,26.4671,4768.712854827314,209.2201018942131,156.31395181471376,435.280558674999,396.37158789858734,92.6,96.9,100.6
199,03L,Aug,2018,296.2923780844898,26.4671,4527.092125695675,195.1020558701015,141.70494744710044,414.29320439165434,390.0774896847561,92.6,96.9,100.6
200,03L,Sep,2018,303.5088846152393,26.4671,4486.55122775068,192.14672613409581,141.7121322033468,413.00125791618376,382.8558401552022,92.6,96.9,100.6
201,03L,Oct,2018,317.5262873529779,26.4671,5497.580014433013,199.98769011763122,145.57992598264113,443.5622668510928,395.0374799996748,92.6,96.9,100.6
202,03L,Nov,2018,314.08805649277787,26.4671,5313.918034087604,199.92063239266514,144.12621030212617,466.7962226978433,406.90290916833277,92.6,96.9,100.6
203,03L,Dec,2018,323.15591810209656,26.4671,4282.751038081241,218.13638439595476,155.14762638405347,543.4185867430632,493.12904316757573,92.6,96.9,100.6
204,03N,Jan,2018,382.9316779569653,58.2506,5495.394038859686,180.81876045232352,125.02433836178456,447.8235821489738,438.57818429420723,95.7,99.4,99.6
205,03N,Feb,2018,368.2365503531294,58.2506,4809.9075374330905,182.54070703270284,136.07688838744613,388.4392172310124,377.682031192828,95.7,99.4,99.6
206,03N,Mar,2018,392.098965504218,58.2506,4970.644079202618,207.86936771989605,154.812337759223,465.8475906703997,431.4649498535041,95.7,99.4,99.6
207,03N,Apr,2018,380.0132530823717,58.2506,4734.251664360539,186.75336911182282,137.69345854287874,464.4110907431282,414.72686474705705,95.7,99.4,99.6
208,03N,May,2018,412.6824444726749,58.2506,4949.459748054097,196.73299553802687,152.0557862793668,470.4160820533577,422.45746288815985,95.7,99.4,99.6
209,03N,Jun,2018,388.4938524238377,58.2506,4622.802168561354,188.22863906107688,147.48628130667723,406.23736098399945,367.9367193172499,95.7,99.4,99.6
210,03N,Jul,2018,404.098841900341,58.2506,4690.681297703372,209.2201018942131,156.31395181471373,435.28055867499893,396.37158789858734,95.7,99.4,99.6
211,03N,Aug,2018,362.14219252677225,58.2506,4420.400819905718,195.1020558701015,141.70494744710044,414.29320439165434,390.077489684756,95.7,99.4,99.6
212,03N,Sep,2018,385.0775786000488,58.2506,4569.2404885099895,192.14672613409581,141.7121322033468,413.0012579161837,382.85584015520226,95.7,99.4,99.6
213,03N,Oct,2018,414.3991649871418,58.2506,5686.877045043313,199.98769011763122,145.57992598264113,443.56226685109283,395.03747999967476,95.7,99.4,99.6
214,03N,Nov,2018,398.7083394849152,58.2506,5323.550315361558,199.9206323926651,144.1262103021262,466.79622269784323,406.90290916833277,95.7,99.4,99.6
215,03N,Dec,2018,411.4120712919696,58.2506,4298.0501488396685,218.13638439595476,155.1476263840535,543.4185867430632,493.1290431675757,95.7,99.4,99.6
216,03Q,Jan,2018,413.78958824096657,36.2955,4387.458500365059,180.81876045232352,125.02433836178457,447.8235821489738,438.57818429420723,105.26842105263158,107.90736842105264,99.81052631578947
217,03Q,Feb,2018,386.9950820349631,36.2955,3890.675152567123,182.54070703270287,136.07688838744613,388.4392172310124,377.682031192828,105.26842105263158,107.90736842105264,99.81052631578947
218,03Q,Mar,2018,445.5238252675952,36.2955,4093.510214764916,207.86936771989605,154.81233775922303,465.8475906703997,431.4649498535041,105.26842105263158,107.90736842105264,99.81052631578947
219,03Q,Apr,2018,461.9167665413068,36.2955,3904.1754487470894,186.75336911182285,137.69345854287874,464.41109074312817,414.72686474705705,105.26842105263158,107.90736842105264,99.81052631578947
220,03Q,May,2018,506.3575374357703,36.2955,3960.353211830668,196.73299553802687,152.0557862793668,470.41608205335774,422.45746288815985,105.26842105263158,107.90736842105264,99.81052631578947
221,03Q,Jun,2018,485.7213704178204,36.2955,3755.672190767451,188.2286390610769,147.48628130667726,406.2373609839994,367.9367193172499,105.26842105263158,107.90736842105264,99.81052631578947
222,03Q,Jul,2018,533.3856814205618,36.2955,3797.302695926493,209.2201018942131,156.31395181471376,435.280558674999,396.3715878985873,105.26842105263158,107.90736842105264,99.81052631578947
223,03Q,Aug,2018,514.8296620793212,36.2955,3679.7399126613495,195.1020558701015,141.70494744710044,414.2932043916543,390.077489684756,105.26842105263158,107.90736842105264,99.81052631578947
224,03Q,Sep,2018,480.3212519458335,36.2955,3739.6646967254896,192.14672613409581,141.7121322033468,413.0012579161837,382.8558401552022,105.26842105263158,107.90736842105264,99.81052631578947
225,03Q,Oct,2018,475.775233844416,36.2955,4560.179636594068,199.98769011763122,145.57992598264116,443.5622668510928,395.03747999967476,105.26842105263158,107.90736842105264,99.81052631578947
226,03Q,Nov,2018,453.8165888333265,36.2955,4381.645107520217,199.92063239266514,144.12621030212617,466.79622269784323,406.9029091683328,105.26842105263158,107.90736842105264,99.81052631578947
227,03Q,Dec,2018,463.8591560937307,36.2955,3525.5610199611524,218.1363843959548,155.14762638405347,543.4185867430632,493.1290431675757,105.26842105263158,107.90736842105264,99.81052631578947
228,03R,Jan,2018,572.690544229911,34.5038,6161.553220225019,180.81876045232352,125.02433836178457,447.8235821489738,438.57818429420723,95.8,97.2,98.1
229,03R,Feb,2018,524.8697244941137,34.5038,5352.193091775399,182.54070703270287,136.07688838744613,388.4392172310124,377.682031192828,95.8,97.2,98.1
230,03R,Mar,2018,589.616216184884,34.5038,5565.676824001995,207.86936771989605,154.812337759223,465.84759067039977,431.4649498535041,95.8,97.2,98.1
231,03R,Apr,2018,578.4290425982066,34.5038,5300.662535720703,186.75336911182282,137.69345854287874,464.4110907431282,414.72686474705705,95.8,97.2,98.1
232,03R,May,2018,654.565584080594,34.5038,5632.307166167205,196.73299553802687,152.0557862793668,470.4160820533577,422.4574628881599,95.8,97.2,98.1
233,03R,Jun,2018,632.249201537222,34.5038,5188.443012074033,188.2286390610769,147.48628130667726,406.23736098399945,367.9367193172499,95.8,97.2,98.1
234,03R,Jul,2018,662.9704554280978,34.5038,5360.771857012851,209.2201018942131,156.31395181471376,435.280558674999,396.37158789858734,95.8,97.2,98.1
235,03R,Aug,2018,587.181701725607,34.5038,5214.440148621312,195.10205587010154,141.70494744710044,414.29320439165434,390.077489684756,95.8,97.2,98.1
236,03R,Sep,2018,597.9341405874136,34.5038,5148.592328960868,192.14672613409581,141.7121322033468,413.0012579161837,382.8558401552022,95.8,97.2,98.1
237,03R,Oct,2018,617.0334861667411,34.5038,6452.129910328717,199.98769011763125,145.57992598264116,443.5622668510928,395.03747999967476,95.8,97.2,98.1
238,03R,Nov,2018,593.2100232438166,34.5038,6132.194135138739,199.9206323926651,144.1262103021262,466.7962226978433,406.9029091683328,95.8,97.2,98.1
239,03R,Dec,2018,613.3527321628343,34.5038,5063.790075296055,218.1363843959548,155.1476263840535,543.4185867430632,493.12904316757573,95.8,97.2,98.1
240,04C,Jan,2018,801.3670478410442,35.5218,5324.899076060335,265.00182685281334,213.5554882504519,844.4673411820347,766.0366310265808,95.7,92.2,95.6
241,04C,Feb,2018,729.3830830644844,35.5218,4763.72255910455,248.46099669243492,202.4651696088612,799.62164079523,666.2387604231768,95.7,92.2,95.6
242,04C,Mar,2018,794.8639990090593,35.5218,4891.531397620616,277.57345871312646,226.85726029768085,885.1184343135765,801.3670478410442,95.7,92.2,95.6
243,04C,Apr,2018,790.2189641290701,35.5218,4648.356783721546,235.51978770047305,190.16396003999847,735.3512490921069,674.9939473787928,95.7,92.2,95.6
244,04C,May,2018,844.6644032678524,35.5218,4904.987922909312,256.32728068151226,210.61990404215223,754.4944231429714,672.4321402631624,95.7,92.2,95.6
245,04C,Jun,2018,827.4918500751652,35.5218,4539.40960199089,246.48090458059303,204.2769989615784,762.7428790207704,639.7198340174203,95.7,92.2,95.6
246,04C,Jul,2018,837.6546233580506,35.5218,4504.811130066607,269.36764451367253,223.45294411753395,838.3865682482307,656.0478354137459,95.7,92.2,95.6
247,04C,Aug,2018,800.2128270526831,35.5218,4162.429831821586,251.50174512518754,207.84657320872276,744.4724084928129,614.4958870327517,95.7,92.2,95.6
248,04C,Sep,2018,809.2776830002985,35.5218,4483.584728251384,252.15977270104997,205.9806593977155,737.7159941219195,628.9940262036271,95.7,92.2,95.6
249,04C,Oct,2018,846.2127482278488,35.5218,5454.819294067305,256.4114120610746,204.82986231298798,815.4992145668294,698.5850942238287,95.7,92.2,95.6
250,04C,Nov,2018,859.2751493449093,35.5218,5119.447775732086,259.53028248913506,204.32507403561402,868.3400052925247,735.1541870062891,95.7,92.2,95.6
251,04C,Dec,2018,860.4012184067249,35.5218,4328.9191426110165,283.23129398869276,221.43980039229263,1012.3079348456441,874.3926264997832,95.7,92.2,95.6
252,05W,Jan,2018,781.1878901680491,26.4149,4477.472941408069,510.3682296270922,367.9467776035285,1196.4838027022627,1126.1825712003454,99.05,98.95,102.15
253,05W,Feb,2018,718.0795687282557,26.4149,3792.6321886511023,466.03269470707795,335.6570391584914,1095.0259134049343,997.2780514028068,99.05,98.95,102.15
254,05W,Mar,2018,804.205202366846,26.4149,3942.926151528115,507.15362274073976,370.986287187412,1172.027908491041,1044.221253913511,99.05,98.95,102.15
255,05W,Apr,2018,777.4778628728483,26.4149,3642.0732238244327,446.96953711007745,321.01621086743654,1034.8326134113702,958.5499093314759,99.05,98.95,102.15
256,05W,May,2018,875.3014397177351,26.4149,3788.202870349689,490.9638567739984,354.0781733131059,1029.6840041037444,971.5350048646786,99.05,98.95,102.15
257,05W,Jun,2018,872.3864182715059,26.4149,3771.6970346281832,483.9913923961977,353.341866707852,949.6534153072698,877.5728850005111,99.05,98.95,102.15
258,05W,Jul,2018,891.6179883323427,26.4149,3808.608020473293,525.3053764300174,380.5807214278243,970.9671435439847,917.1338903421932,99.05,98.95,102.15
259,05W,Aug,2018,801.8580422413108,26.4149,3675.842043695036,467.11021656842513,338.521451439906,879.1250392770747,841.8733366395481,99.05,98.95,102.15
260,05W,Sep,2018,786.4122143184339,26.4149,3719.1509337532975,477.51279220484776,348.3493487502767,893.77586135098,852.4734146258362,99.05,98.95,102.15
261,05W,Oct,2018,841.0026159478174,26.4149,4608.838193595281,488.41821137656564,353.83124121988044,974.0714520971119,928.4532593346937,99.05,98.95,102.15
262,05W,Nov,2018,817.6067295352244,26.4149,4374.387182991418,499.03629138525764,360.9428855047719,1037.0662012727664,976.7971864364431,99.05,98.95,102.15
263,05W,Dec,2018,839.8290358850497,26.4149,3430.0716640986716,523.0156424746548,381.330497056345,1281.6251433849834,1206.970308424412,99.05,98.95,102.15
264,06H,Jan,2018,317.7346611000639,88.9112,5736.206462177994,236.0515874593494,151.83500706332606,268.2001817543797,247.43789308883473,103.25897435897436,104.54649572649572,99.11504273504272
265,06H,Feb,2018,290.38670043819,88.9112,5096.849440790362,212.59993126619503,134.01766759165756,251.41939373217323,222.9190473191229,103.25897435897436,104.54649572649572,99.11504273504272
266,06H,Mar,2018,327.801446836844,88.9112,5371.741692835099,234.85890575429164,150.5009704895207,284.85725083004166,258.9212607635484,103.25897435897436,104.54649572649572,99.11504273504272
267,06H,Apr,2018,311.0982643356518,88.9112,4895.896130071353,208.4189192890203,133.09886094479825,242.3766634574722,230.90454295971713,103.25897435897436,104.54649572649572,99.11504273504272
268,06H,May,2018,347.4885053851484,88.9112,5194.306229136487,227.85300507198934,147.76001123771204,336.819208378697,248.02274629068106,103.25897435897436,104.54649572649572,99.11504273504272
269,06H,Jun,2018,334.33954327463806,88.9112,4827.1646316774495,223.64769772674865,144.52872728493517,283.65380289547323,219.39868093108632,103.25897435897436,104.54649572649572,99.11504273504272
270,06H,Jul,2018,364.2164316756494,88.9112,4965.279964728853,245.9486369415047,159.03968802980467,305.4395846642493,229.9710272721547,103.25897435897436,104.54649572649572,99.11504273504272
271,06H,Aug,2018,345.5353206345208,88.9112,4693.593158117313,226.92094640618495,146.5651208628301,271.87800861983646,205.14850772456114,103.25897435897436,104.54649572649572,99.11504273504272
272,06H,Sep,2018,333.8576017419628,88.9112,4790.914980339935,223.81997397303476,144.30123429304453,269.62857322811976,205.96955164253774,103.25897435897436,104.54649572649572,99.11504273504272
273,06H,Oct,2018,341.4656421238269,88.9112,5768.9582414813885,230.3311326147205,146.8102832133142,272.21542392859396,209.07377248310675,103.25897435897436,104.54649572649572,99.11504273504272
274,06H,Nov,2018,341.0472471409676,88.9112,5598.608499266685,233.50499115206867,147.4640494812718,287.6465507157704,228.72259062975195,103.25897435897436,104.54649572649572,99.11504273504272
275,06H,Dec,2018,337.8022116448772,88.9112,4534.906738408659,240.65887271259106,148.0206342769654,330.86945176760634,268.00897974608375,103.25897435897436,104.54649572649572,99.11504273504272
276,06K,Jan,2018,259.89407427452824,56.9078,4275.79347646544,236.05158745934943,151.8350070633261,278.43791103311617,260.4941154653195,106.40175438596492,105.60325814536344,98.35864661654136
277,06K,Feb,2018,240.51184547636703,56.9078,3742.5273864039727,212.59993126619506,134.01766759165758,252.66409558119008,231.56081830576227,106.40175438596492,105.60325814536344,98.35864661654136
278,06K,Mar,2018,266.2200963664032,56.9078,4041.976671036308,234.85890575429164,150.50097048952074,282.61048741873776,262.2884950220992,106.40175438596492,105.60325814536344,98.35864661654136
279,06K,Apr,2018,261.07141727496054,56.9078,3600.209461620376,208.41891928902035,133.09886094479825,247.03197601541277,235.89652010563657,106.40175438596492,105.60325814536344,98.35864661654136
280,06K,May,2018,284.8291446866686,56.9078,3731.632570579077,227.85300507198937,147.76001123771206,272.1704609065652,244.89417453389058,106.40175438596492,105.60325814536344,98.35864661654136
281,06K,Jun,2018,281.87700104379365,56.9078,3514.527006842647,223.64769772674865,144.5287272849352,253.5655781336392,231.07144206300416,106.40175438596492,105.60325814536344,98.35864661654136
282,06K,Jul,2018,287.25411982188734,56.9078,3599.998594217313,245.9486369415047,159.03968802980467,263.5763272398836,235.9308622981108,106.40175438596492,105.60325814536344,98.35864661654136
283,06K,Aug,2018,260.38609821500745,56.9078,3470.6314424384705,226.92094640618495,146.56512086283013,241.90640378863066,216.9396298598495,106.40175438596492,105.60325814536344,98.35864661654136
284,06K,Sep,2018,264.26957288807506,56.9078,3557.174939112037,223.81997397303476,144.30123429304453,233.3551978625419,215.37706010227103,106.40175438596492,105.60325814536344,98.35864661654136
285,06K,Oct,2018,282.65018152168943,56.9078,4345.537870028362,230.3311326147205,146.8102832133142,245.3749652285301,226.31504840532028,106.40175438596492,105.60325814536344,98.35864661654136
286,06K,Nov,2018,266.04437353051776,56.9078,4230.667852210066,233.50499115206867,147.46404948127181,257.557858008771,238.98731742831924,106.40175438596492,105.60325814536344,98.35864661654136
287,06K,Dec,2018,259.33176119969494,56.9078,3368.536474789045,240.6588727125911,148.0206342769654,306.5985088620028,283.3402590088156,106.40175438596492,105.60325814536344,98.35864661654136
288,06N,Jan,2018,192.589856799906,59.567,3962.126680880353,236.0515874593494,151.8350070633261,278.43791103311617,260.4941154653195,107.58,106.4,99.22
289,06N,Feb,2018,172.37732301442074,59.567,3487.585408027935,212.59993126619503,134.01766759165758,252.66409558119005,231.56081830576224,107.58,106.4,99.22
290,06N,Mar,2018,197.03862877096375,59.567,3634.059126697668,234.85890575429164,150.50097048952074,282.6104874187378,262.2884950220992,107.58,106.4,99.22
291,06N,Apr,2018,191.0957409303809,59.567,3323.7530847616968,208.41891928902032,133.09886094479828,247.03197601541277,235.89652010563657,107.58,106.4,99.22
292,06N,May,2018,210.0659761277217,59.567,3511.7598670404755,227.85300507198937,147.76001123771206,272.17046090656515,244.89417453389055,107.58,106.4,99.22
293,06N,Jun,2018,212.9031174979435,59.567,3495.761075763426,223.64769772674865,144.52872728493517,253.56557813363918,231.07144206300418,107.58,106.4,99.22
294,06N,Jul,2018,221.29702687729784,59.567,3569.862507764366,245.94863694150467,159.03968802980467,263.57632723988365,235.9308622981108,107.58,106.4,99.22
295,06N,Aug,2018,191.1964678429332,59.567,3346.7188208236103,226.92094640618495,146.5651208628301,241.90640378863066,216.9396298598495,107.58,106.4,99.22
296,06N,Sep,2018,204.47563248107173,59.567,3385.9015898064363,223.81997397303476,144.30123429304453,233.35519786254193,215.37706010227103,107.58,106.4,99.22
297,06N,Oct,2018,208.68937498950763,59.567,4130.626017761512,230.3311326147205,146.8102832133142,245.37496522853007,226.31504840532028,107.58,106.4,99.22
298,06N,Nov,2018,217.63728238789932,59.567,4053.6035052965567,233.50499115206867,147.46404948127181,257.55785800877095,238.98731742831924,107.58,106.4,99.22
299,06N,Dec,2018,214.14541608608792,59.567,3169.1540618127488,240.65887271259106,148.0206342769654,306.59850886200275,283.3402590088156,107.58,106.4,99.22
300,06Q,Jul,2018,235.1773879638228,39.3065,3985.905639016448,245.94863694150467,159.03968802980464,505.570536967793,468.03978259963026,105.23333333333332,105.9,100.0
301,06Q,Aug,2018,219.91273707910904,39.3065,3863.8393141083534,226.92094640618495,146.5651208628301,554.8991534729847,515.0227269568118,105.23333333333332,105.9,100.0
302,06Q,Sep,2018,225.586098991261,39.3065,3941.6890336203937,223.81997397303476,144.30123429304453,528.766628209227,488.5079440096746,105.23333333333332,105.9,100.0
303,06Q,Oct,2018,226.88359431646165,39.3065,4884.764606362815,230.3311326147205,146.81028321331422,557.2969516687285,510.9221445351051,105.23333333333332,105.9,100.0
304,06Q,Nov,2018,225.61154007606885,39.3065,4702.402910460102,233.50499115206867,147.4640494812718,567.9480407556192,527.2549728249537,105.23333333333332,105.9,100.0
305,06Q,Dec,2018,223.67801763067175,39.3065,3687.8887715772203,240.65887271259106,148.0206342769654,690.6701324696626,637.9880735602785,105.23333333333332,105.9,100.0
324,11M,May,2018,317.9819369339508,63.3558,3937.303293463266,216.1912676527791,151.79171194744268,177.78956307078437,171.00249700895577,106.16666666666666,107.61666666666666,101.86666666666666
325,11M,Jun,2018,315.9300332408398,63.3558,3782.731809873761,216.99809815568895,163.15974685382653,163.85240183219216,157.93344887129513,106.16666666666666,107.61666666666666,101.86666666666666
326,11M,Jul,2018,335.39155057626925,63.3558,3888.120740326852,233.34986301466222,177.002061969134,174.7432752802427,169.50302892552853,106.16666666666666,107.61666666666666,101.86666666666666
327,11M,Aug,2018,300.69859428813146,63.3558,3638.972280359493,215.8892234132282,163.8507247717032,156.82857765192767,151.4147086770272,106.16666666666666,107.61666666666666,101.86666666666666
328,11M,Sep,2018,297.71544199583934,63.3558,3673.412694654633,209.78420594121025,160.31308333586765,162.28979825051533,154.7766739588167,106.16666666666666,107.61666666666666,101.86666666666666
329,11M,Oct,2018,295.9792157939762,63.3558,4815.612777362136,215.4609826078376,163.68728987495993,158.42274898272927,149.77318572253841,106.16666666666666,107.61666666666666,101.86666666666666
330,11M,Nov,2018,276.9912146954186,63.3558,4795.456769545961,212.85843703691293,159.83519142260565,160.47465267584025,152.69320251658095,106.16666666666666,107.61666666666666,101.86666666666666
331,11M,Dec,2018,287.3296525337853,63.3558,3762.512666559336,226.76695362938221,169.37854811471644,202.69651713023904,190.6376369645715,106.16666666666666,107.61666666666666,101.86666666666666
332,11N,Jan,2018,261.6638214744549,56.821,2431.2138117949357,211.34614704299727,145.61635540594023,240.73845937241515,227.92629485577515,94.0,103.2,99.5
333,11N,Feb,2018,242.4807729536615,56.821,2159.272100103835,199.1464560797678,134.92895443662647,218.45796448496156,205.87458862040444,94.0,103.2,99.5
334,11N,Mar,2018,282.254800161912,56.821,2362.929198711744,230.38941570783138,160.01517668863937,274.2119990848454,257.3168370848806,94.0,103.2,99.5
335,11N,Apr,2018,300.2059097868746,56.821,2295.577339363967,190.34993480188896,130.39001565871814,247.8309075869837,229.07023811618944,94.0,103.2,99.5
336,11N,May,2018,342.40861653262,56.821,2497.3865296281306,216.19126765277906,151.79171194744265,244.94465074532303,229.7390049453547,94.0,103.2,99.5
337,11N,Jun,2018,348.5331127576072,56.821,2354.270428186762,216.99809815568892,163.1597468538265,232.83645131201493,211.4007145245596,94.0,103.2,99.5
338,11N,Jul,2018,387.3567871033597,56.821,2516.4287851322574,233.3498630146622,177.002061969134,257.52802660988016,227.97909223702504,94.0,103.2,99.5
339,11N,Aug,2018,385.1392970908643,56.821,2169.884373735063,215.88922341322817,163.85072477170317,257.10564755988105,239.92889952658348,94.0,103.2,99.5
340,11N,Sep,2018,319.37135918058465,56.821,2327.4141602576515,209.7842059412102,160.3130833358676,219.8658946516253,211.27752063497653,94.0,103.2,99.5
341,11N,Oct,2018,308.5478960243572,56.821,3158.744126291336,215.46098260783756,163.6872898749599,212.26307175164112,199.1693212016684,94.0,103.2,99.5
342,11N,Nov,2018,279.3685433202513,56.821,3162.8975202829943,212.85843703691293,159.83519142260562,212.79104556414003,198.44775699125324,94.0,103.2,99.5
343,11N,Dec,2018,275.4791362348428,56.821,2446.1202724344876,226.76695362938221,169.3785481147164,278.875767761919,261.75181710987135,94.0,103.2,99.5
344,12F,Jan,2018,448.2497254319612,32.3235,4701.192630748526,310.56180131094885,234.7161867729248,478.5722516850185,363.58153185291974,94.4,98.8,105.1
345,12F,Feb,2018,472.96858322892007,32.3235,4113.601559237087,261.75643484568997,205.2987969287578,411.8187903172419,302.30054994495646,94.4,98.8,105.1
346,12F,Mar,2018,547.3726545702043,32.3235,4437.081380419818,303.6762153736279,234.7161867729248,486.329834575184,353.86739044620805,94.4,98.8,105.1
347,12F,Apr,2018,518.9413275171314,32.3235,4036.9081318545327,264.97318059068954,203.67792374895882,411.4363051937066,327.32880725937144,94.4,98.8,105.1
348,12F,May,2018,574.9686760406515,32.3235,4261.017525948613,294.36140305115833,227.92643652489787,424.9605868694818,334.7186159922914,94.4,98.8,105.1
349,12F,Jun,2018,558.5719368261481,32.3235,4183.550667471035,281.1069105448842,220.21374692127847,386.65568247850354,299.3534530315623,94.4,98.8,105.1
350,12F,Jul,2018,568.4409175986511,32.3235,4477.237922873451,297.8698226331397,235.57245782292148,399.85387106818774,292.95908635092024,94.4,98.8,105.1
351,12F,Aug,2018,535.7093136572462,32.3235,4375.794700450137,274.16507322471676,213.85109050597492,353.24462620660563,281.7615891766517,94.4,98.8,105.1
352,12F,Sep,2018,525.9640818599471,32.3235,4599.68753383761,269.1566167668288,209.47181618214782,355.82885261818416,287.2904606739093,94.4,98.8,105.1
353,12F,Oct,2018,538.5864773307345,32.3235,5517.502745680387,299.0240176737678,230.861925355665,384.7040276173873,301.20213112864985,94.4,98.8,105.1
354,12F,Nov,2018,524.1387844756911,32.3235,5275.697248132164,283.9882313773547,216.5490734980568,395.6833121250236,312.7870170818836,94.4,98.8,105.1
355,12F,Dec,2018,522.7466085046483,32.3235,4077.2812350147724,285.20284456992897,228.23686082282853,468.0122297166422,380.83504348316444,94.4,98.8,105.1
356,13T,Jan,2018,531.5056176199115,50.2704,4705.3534485502405,336.11646792815185,227.42309502788555,1452.42835714961,1175.0147102607773,93.4,96.5,98.5
357,13T,Feb,2018,495.142270600592,50.2704,4075.459912791623,283.7220972499101,189.55539985234705,1205.9873936240017,1009.6953670792126,93.4,96.5,98.5
358,13T,Mar,2018,545.0722492759159,50.2704,4303.029217989115,322.2622567468779,217.69043936504906,1382.7927341894683,1159.5918661077003,93.4,96.5,98.5
359,13T,Apr,2018,592.694707024412,50.2704,4040.389573188198,295.9493786212746,194.91342202631577,1292.950786593273,1119.5037597592175,93.4,96.5,98.5
360,13T,May,2018,636.6370667430535,50.2704,4246.713771921449,315.8702302937223,211.64549127134077,1321.7363328625108,1157.3482867661276,93.4,96.5,98.5
361,13T,Jun,2018,593.0328781947229,50.2704,4052.106209618384,312.3271387076971,209.96794586734518,1198.3253585141015,1028.9845051919813,93.4,96.5,98.5
362,13T,Jul,2018,624.5822591425571,50.2704,4116.51787135173,330.7801381516486,225.59370284163174,1254.9651539673962,1049.5859255611417,93.4,96.5,98.5
363,13T,Aug,2018,572.8619625067633,50.2704,3913.058181355231,317.8803924588549,217.13366783010224,1183.3963840274084,1014.9303855428828,93.4,96.5,98.5
364,13T,Sep,2018,586.8861198637767,50.2704,3844.588465578153,318.46608719042234,218.40628848140926,1158.5476845273456,1005.7020780624506,93.4,96.5,98.5
365,13T,Oct,2018,639.2429739966262,50.2704,4945.45497947102,333.2096866677802,220.5104510355589,1214.1432984002856,1068.0707616457996,93.4,96.5,98.5
366,13T,Nov,2018,611.4731531875616,50.2704,4685.222317705847,334.8221548793794,215.76704678977825,1229.6225848009494,1086.2874970544203,93.4,96.5,98.5
367,13T,Dec,2018,595.2608294344186,50.2704,3738.681212005474,365.8422832549876,236.24466999717274,1473.8058584230885,1255.021596214983,93.4,96.5,98.5
368,14L,Jan,2018,1295.8272692909588,54.7627,4344.909947829453,310.5618013109489,234.71618677292483,478.57225168501856,363.58153185291974,88.6,90.2,94.2
369,14L,Feb,2018,1154.4171488987945,54.7627,3871.613342658415,261.75643484568997,205.29879692875784,411.81879031724196,302.30054994495646,88.6,90.2,94.2
370,14L,Mar,2018,1317.3565218661606,54.7627,4097.314412912439,303.67621537362794,234.71618677292483,486.32983457518407,353.8673904462081,88.6,90.2,94.2
371,14L,Apr,2018,1260.0364846875702,54.7627,3690.7603167849647,264.97318059068954,203.67792374895885,411.43630519370663,327.32880725937144,88.6,90.2,94.2
372,14L,May,2018,1361.5654450931015,54.7627,3946.372257028963,294.36140305115833,227.9264365248979,424.9605868694818,334.7186159922914,88.6,90.2,94.2
373,14L,Jun,2018,1308.2627408801975,54.7627,3810.3307543273063,281.1069105448842,220.2137469212785,386.6556824785036,299.35345303156237,88.6,90.2,94.2
374,14L,Jul,2018,1352.5812277334755,54.7627,4040.724799909427,297.86982263313973,235.57245782292148,399.85387106818774,292.9590863509203,88.6,90.2,94.2
375,14L,Aug,2018,1226.2908877758036,54.7627,3759.3836680806457,274.16507322471676,213.85109050597495,353.2446262066057,281.7615891766517,88.6,90.2,94.2
376,14L,Sep,2018,1264.5833751805517,54.7627,3840.387709152397,269.15661676682885,209.4718161821478,355.82885261818416,287.29046067390937,88.6,90.2,94.2
377,14L,Oct,2018,1356.7081243254988,54.7627,4867.838875731109,299.0240176737678,230.86192535566497,384.70402761738734,301.2021311286498,88.6,90.2,94.2
378,14L,Nov,2018,1302.0723959921625,54.7627,4553.50083177053,283.9882313773547,216.54907349805683,395.6833121250236,312.7870170818836,88.6,90.2,94.2
379,14L,Dec,2018,1291.937760555999,54.7627,3588.9026655004227,285.202844569929,228.23686082282856,468.01222971664225,380.83504348316444,88.6,90.2,94.2
380,15M,Jan,2018,291.52858123345425,101.99,5437.954701441318,265.0018268528134,213.55548825045193,317.61937444847536,289.0479458770468,103.16196078431372,103.85098039215688,103.18039215686277
381,15M,Feb,2018,270.3696440827532,101.99,4759.888224335719,248.46099669243495,202.46516960886123,295.47014413177766,245.08285125992745,103.16196078431372,103.85098039215688,103.18039215686277
382,15M,Mar,2018,295.2446318266497,101.99,4923.796450632415,277.57345871312646,226.85726029768085,319.8254730855966,287.0183351308952,103.16196078431372,103.85098039215688,103.18039215686277
383,15M,Apr,2018,300.9608785175017,101.99,4786.969310716737,235.5197877004731,190.16396003999847,282.4492597313462,257.3095401509952,103.16196078431372,103.85098039215688,103.18039215686277
384,15M,May,2018,325.6397686047652,101.99,4876.232964016081,256.32728068151226,210.61990404215223,301.17658593979803,267.9184233748407,103.16196078431372,103.85098039215688,103.18039215686277
385,15M,Jun,2018,316.030983429748,101.99,4625.198548877341,246.4809045805931,204.27699896157844,290.22453181684483,242.44533777821357,103.16196078431372,103.85098039215688,103.18039215686277
386,15M,Jul,2018,430.62064908324345,101.99,4701.735464261203,269.3676445136726,223.45294411753397,313.90332385527995,246.51436415334837,103.16196078431372,103.85098039215688,103.18039215686277
387,15M,Aug,2018,393.666045690754,101.99,4535.552505147563,251.50174512518754,207.84657320872276,283.29247965486815,237.68016472203158,103.16196078431372,103.85098039215688,103.18039215686277
388,15M,Sep,2018,395.8917540935386,101.99,4602.568879301893,252.15977270104997,205.9806593977155,289.3813118933229,255.36817335032848,103.16196078431372,103.85098039215688,103.18039215686277
389,15M,Oct,2018,407.2948328267477,101.99,5566.143739582312,256.4114120610746,204.82986231298796,297.89195019119524,267.516423178743,103.16196078431372,103.85098039215688,103.18039215686277
390,15M,Nov,2018,393.5091675654476,101.99,5348.563584665164,259.53028248913506,204.32507403561402,307.2850279439161,272.23257182076674,103.16196078431372,103.85098039215688,103.18039215686277
391,15M,Dec,2018,410.6088832238455,101.99,4365.692714972056,283.23129398869276,221.43980039229263,372.84047455632907,336.1211883517992,103.16196078431372,103.85098039215688,103.18039215686277
404,16C,Jan,2018,644.0120186746237,67.4284,5288.572767557884,336.11646792815185,227.42309502788555,744.2806186382525,602.1231072479361,95.92,94.78000000000002,98.04
405,16C,Feb,2018,566.7297459230829,67.4284,4540.950104110434,283.7220972499101,189.55539985234708,617.9947113934979,517.4070643461586,95.92,94.78000000000002,98.04
406,16C,Mar,2018,650.4753190050484,67.4284,4811.9635049919625,322.2622567468779,217.69043936504903,708.5966248075704,594.2198437713533,95.92,94.78000000000002,98.04
407,16C,Apr,2018,668.368224664978,67.4284,4559.265828641937,295.9493786212746,194.91342202631577,662.5581265867085,573.6771433715626,95.92,94.78000000000002,98.04
408,16C,May,2018,716.7973732136608,67.4284,4743.950620213442,315.8702302937223,211.64549127134077,677.3089568632214,593.070146705684,95.92,94.78000000000002,98.04
409,16C,Jun,2018,684.362968719412,67.4284,4413.95613717662,312.3271387076971,209.9679458673452,614.0683874522496,527.2915667912533,95.92,94.78000000000002,98.04
410,16C,Jul,2018,721.617300721951,67.4284,4436.513397915419,330.7801381516486,225.59370284163174,643.0928152610354,537.8485335577773,95.92,94.78000000000002,98.04
411,16C,Aug,2018,661.1605792218116,67.4284,4152.19699711101,317.88039245885494,217.13366783010224,606.4182019460973,520.0896908327204,95.92,94.78000000000002,98.04
412,16C,Sep,2018,665.127750324789,67.4284,4401.409495108886,318.4660871904224,218.40628848140923,593.684764633872,515.3607481852501,95.92,94.78000000000002,98.04
413,16C,Oct,2018,683.6955941413411,67.4284,5467.874070866282,333.2096866677802,220.5104510355589,622.1741133051765,547.3208804510283,95.92,94.78000000000002,98.04
414,16C,Nov,2018,642.5259979474524,67.4284,5147.905037046705,334.8221548793794,215.76704678977825,630.1062999783799,556.6558421603314,95.92,94.78000000000002,98.04
415,16C,Dec,2018,667.0186449626567,67.4284,4150.461823208026,365.8422832549876,236.24466999717274,755.23527935831,643.1217384576561,95.92,94.78000000000002,98.04
416,18C,Jan,2018,250.4068026586276,78.4164,5383.988553414847,510.36822962709215,367.9467776035285,296.36127925451547,277.9163307279809,105.07142857142856,105.27142857142856,99.35714285714285
417,18C,Feb,2018,232.57889931187864,78.4164,4713.809866303478,466.03269470707795,335.65703915849133,293.6431349450035,262.8690625883362,105.07142857142856,105.27142857142856,99.35714285714285
418,18C,Mar,2018,260.4302161282589,78.4164,4857.708336521442,507.15362274073976,370.986287187412,323.8741354365532,266.302947766234,105.07142857142856,105.27142857142856,99.35714285714285
419,18C,Apr,2018,262.1135374743039,78.4164,4647.42069261022,446.9695371100774,321.01621086743654,292.10303883520834,268.56156972833867,105.07142857142856,105.27142857142856,99.35714285714285
420,18C,May,2018,292.93617151514223,78.4164,4780.211792431175,490.9638567739983,354.0781733131058,299.2019628566694,276.8246170298981,105.07142857142856,105.27142857142856,99.35714285714285
421,18C,Jun,2018,288.24327564131994,78.4164,4640.802179135997,483.9913923961976,353.341866707852,275.66606371764715,257.30466470882294,105.07142857142856,105.27142857142856,99.35714285714285
422,18C,Jul,2018,307.5504613830781,78.4164,4808.649721231784,525.3053764300174,380.58072142782424,294.2976061670684,274.8249985726957,105.07142857142856,105.27142857142856,99.35714285714285
423,18C,Aug,2018,277.862794007376,78.4164,4643.263398982866,467.1102165684251,338.52145143990595,278.66549140345086,258.81412599545774,105.07142857142856,105.27142857142856,99.35714285714285
424,18C,Sep,2018,272.7618202314822,78.4164,4550.094112966165,477.5127922048477,348.3493487502767,277.4957981555051,255.88432290774605,105.07142857142856,105.27142857142856,99.35714285714285
425,18C,Oct,2018,280.89787340403285,78.4164,5714.990741732597,488.4182113765656,353.8312412198805,294.3198860384578,269.54188406947424,105.07142857142856,105.27142857142856,99.35714285714285
426,18C,Nov,2018,266.23257379833814,78.4164,5521.064471207554,499.0362913852576,360.9428855047719,308.787877521977,283.4974385110362,105.07142857142856,105.27142857142856,99.35714285714285
427,18C,Dec,2018,259.5758030207967,78.4164,4319.530098295765,523.0156424746547,381.33049705634494,364.8690987931272,330.8867249563802,105.07142857142856,105.27142857142856,99.35714285714285
428,26A,Jan,2018,269.65990894244663,102.1991,5687.49626953662,236.0515874593494,151.8350070633261,329.8561337624304,290.3939467177304,102.2625,103.5625,99.25
429,26A,Feb,2018,243.15282619905653,102.1991,4889.964784425694,212.59993126619503,134.01766759165758,302.0770241616609,265.82425872634883,102.2625,103.5625,99.25
430,26A,Mar,2018,276.362511998638,102.1991,5213.587986586966,234.85890575429164,150.5009704895207,343.3102639847122,309.59176744217905,102.2625,103.5625,99.25
431,26A,Apr,2018,224.70843676705567,102.1991,4982.72489679459,208.41891928902032,133.09886094479825,309.4156406465419,276.7049807679324,102.2625,103.5625,99.25
432,26A,May,2018,303.15335457944343,102.1991,5204.507671789674,227.85300507198934,147.76001123771206,306.94008068564204,282.87920343721225,102.2625,103.5625,99.25
433,26A,Jun,2018,289.93406008467787,102.1991,4894.651714154038,223.64769772674865,144.52872728493517,280.66783366976813,260.70679683089185,102.2625,103.5625,99.25
434,26A,Jul,2018,311.8324916755627,102.1991,4984.721000478477,245.94863694150467,159.03968802980467,300.22769280747093,277.223576332864,102.2625,103.5625,99.25
435,26A,Aug,2018,306.35299136685154,102.1991,4688.211540023347,226.92094640618495,146.5651208628301,301.90089736602374,278.9261353573564,102.2625,103.5625,99.25
436,26A,Sep,2018,284.08273654073275,102.1991,4801.940525895042,223.8199739730348,144.30123429304453,270.873226867947,249.80650514534864,102.2625,103.5625,99.25
437,26A,Oct,2018,285.3449785761323,102.1991,5849.826466182188,230.3311326147205,146.8102832133142,274.9339279895811,250.54036679383677,102.2625,103.5625,99.25
438,26A,Nov,2018,277.21379151088416,102.1991,5718.142331977483,233.50499115206867,147.4640494812718,277.21379151088416,253.48559820976897,102.2625,103.5625,99.25
439,26A,Dec,2018,283.5934954417407,102.1991,4508.953601352654,240.65887271259106,148.0206342769654,341.21631208102616,311.6074407700264,102.2625,103.5625,99.25
440,27D,Jan,2018,239.36214459608595,72.1292,4713.014978677152,310.56180131094885,234.7161867729248,406.65583028916126,308.9450949002496,101.55,105.2,101.35
441,27D,Feb,2018,228.63140032053596,72.1292,4119.330312827537,261.75643484568997,205.2987969287578,349.9336025343956,256.8729814607942,101.55,105.2,101.35
442,27D,Mar,2018,256.7476140037599,72.1292,4414.231684255475,303.67621537362794,234.7161867729248,413.2476590049505,300.690725313664,101.55,105.2,101.35
443,27D,Apr,2018,246.9873504766447,72.1292,4124.238172612479,264.97318059068954,203.67792374895882,349.60859454461587,278.1401709458691,101.55,105.2,101.35
444,27D,May,2018,270.76412881329617,72.1292,4275.064744929931,294.36140305115833,227.92643652489792,361.1005437216998,284.41949197917785,101.55,105.2,101.35
445,27D,Jun,2018,265.93945309250626,72.1292,4081.2597394675113,281.1069105448842,220.21374692127844,328.5518268990779,254.36875323185023,101.55,105.2,101.35
446,27D,Jul,2018,277.57135806303137,72.1292,4208.767045801146,297.86982263313973,235.57245782292148,339.7666859310291,248.93528632578884,101.55,105.2,101.35
447,27D,Aug,2018,253.05978715970787,72.1292,4056.443160328965,274.16507322471676,213.85109050597492,300.16154563799694,239.4204690865317,101.55,105.2,101.35
448,27D,Sep,2018,253.2400192987029,72.1292,4184.033650726751,269.15661676682885,209.4718161821478,302.3574329535601,244.11850124648896,101.55,105.2,101.35
449,27D,Oct,2018,264.8026042157684,72.1292,5118.759115587031,299.0240176737678,230.86192535566497,326.8934527973812,255.9396251824524,101.55,105.2,101.35
450,27D,Nov,2018,249.5521924546508,72.1292,4895.756503607416,283.9882313773547,216.54907349805683,336.22284881169986,265.78361718058903,101.55,105.2,101.35
451,27D,Dec,2018,249.6492405294943,72.1292,3792.6664929044,285.20284456992897,228.23686082282853,397.6826930328704,323.6058719776861,101.55,105.2,101.35
452,36J,Jan,2018,284.0105045447124,58.7936,6219.214336254287,180.81876045232352,125.02433836178457,373.16985460722464,365.4656962940487,102.93770491803278,102.44590163934429,98.8016393442623
453,36J,Feb,2018,253.05475425896697,58.7936,5380.33051216459,182.54070703270284,136.07688838744613,323.68506705754595,314.7211408377857,102.93770491803278,102.44590163934429,98.8016393442623
454,36J,Mar,2018,282.83690741849455,58.7936,5685.091574593153,207.86936771989605,154.81233775922303,388.1891990711845,359.53826243876506,102.93770491803278,102.44590163934429,98.8016393442623
455,36J,Apr,2018,279.7073150819137,58.7936,5450.27009742557,186.75336911182285,137.69345854287877,386.9921686101472,345.5904735447484,102.93770491803278,102.44590163934429,98.8016393442623
456,36J,May,2018,315.3574538725304,58.7936,5710.553529635879,196.7329955380269,152.05578627936683,391.9961072669787,352.0323544535179,102.93770491803278,102.44590163934429,98.8016393442623
457,36J,Jun,2018,297.3793065911936,58.7936,5202.981276873674,188.2286390610769,147.48628130667726,338.51619918486483,306.6004058861776,102.93770491803278,102.44590163934429,98.8016393442623
458,36J,Jul,2018,312.0237576879116,58.7936,5522.216703858923,209.2201018942131,156.31395181471376,362.7177961790888,330.2950843203815,102.93770491803278,102.44590163934429,98.8016393442623
459,36J,Aug,2018,282.4457083764219,58.7936,5112.937462580961,195.10205587010154,141.70494744710044,345.2291058583976,325.0502338726494,102.93770491803278,102.44590163934429,98.8016393442623
460,36J,Sep,2018,288.31369400751106,58.7936,5128.262259837806,192.14672613409581,141.71213220334678,344.1525312928104,319.0324580957779,102.93770491803278,102.44590163934429,98.8016393442623
461,36J,Oct,2018,300.8490720078376,58.7936,6273.897158874435,199.98769011763125,145.57992598264116,369.61891518926257,329.18337678528803,102.93770491803278,102.44590163934429,98.8016393442623
462,36J,Nov,2018,296.3247700429979,58.7936,6066.221493495891,199.92063239266514,144.12621030212617,388.9796908850773,339.0707982035006,102.93770491803278,102.44590163934429,98.8016393442623
463,36J,Dec,2018,299.811544113645,58.7936,5021.124748271921,218.13638439595482,155.14762638405347,452.8288439672048,410.9227398396079,102.93770491803278,102.44590163934429,98.8016393442623
464,36L,Jan,2018,417.113462059462,149.4905,3339.014853786696,345.41766450083315,281.75402334021277,226.30200581307844,211.7392075081694,105.75,104.35,100.25
465,36L,Feb,2018,374.5840036657848,149.4905,2990.7586100789013,323.3367782679785,266.43603297562214,204.4410848849927,188.011947247484,105.75,104.35,100.25
466,36L,Mar,2018,426.7177512952328,149.4905,3153.999752492633,360.03626027886276,298.4999443190322,232.58334141634415,208.94304320341428,105.75,104.35,100.25
467,36L,Apr,2018,404.803315260836,149.4905,2940.18014522662,306.9405545824396,250.84952504654825,195.08932005712737,184.96827557604,105.75,104.35,100.25
468,36L,May,2018,432.54086380070976,149.4905,3123.7302704854155,336.8146947798312,277.6284278921059,192.01889083252783,186.38642589328416,105.75,104.35,100.25
469,36L,Jun,2018,415.21534813249,149.4905,3095.3672641405306,334.18572048570456,276.2317202504915,178.32571300517424,170.11783357470875,105.75,104.35,100.25
470,36L,Jul,2018,423.2141841789278,149.4905,3159.3579525120326,361.67234404385374,298.65397765059623,183.24910278579577,177.54305457537436,105.75,104.35,100.25
471,36L,Aug,2018,393.4831979289654,149.4905,2998.056732702078,317.171281942402,259.9853668335014,175.16163234453026,168.7799559169312,105.75,104.35,100.25
472,36L,Sep,2018,408.23998849425215,149.4905,3094.102969753931,320.1749319079006,265.7970028027822,172.95413420919724,166.19785203742043,105.75,104.35,100.25
473,36L,Oct,2018,423.5637047170222,149.4905,3729.721955575773,330.12673404584154,268.5362982668128,181.72392225592927,172.07782434335292,105.75,104.35,100.25
474,36L,Nov,2018,424.4065676414221,149.4905,3552.9883169833533,336.0736695631178,273.28010857268345,193.8517832236831,181.442967947796,105.75,104.35,100.25
475,36L,Dec,2018,436.07955020553146,149.4905,2783.507982112576,359.9321837034817,289.9073822555684,224.06775012458985,212.29442673614716,105.75,104.35,100.25
476,42D,Jan,2018,110.514712256426,42.6821,5233.950531956019,180.81876045232352,125.02433836178456,373.1698546072246,365.4656962940488,106.15486725663716,107.0654867256637,99.79115044247786
477,42D,Feb,2018,101.44767947219091,42.6821,4548.838974652138,182.54070703270284,136.07688838744613,323.68506705754595,314.7211408377857,106.15486725663716,107.0654867256637,99.79115044247786
478,42D,Mar,2018,116.13767832416868,42.6821,4862.202187802381,207.86936771989605,154.81233775922303,388.1891990711845,359.538262438765,106.15486725663716,107.0654867256637,99.79115044247786
479,42D,Apr,2018,113.654201644249,42.6821,4644.780833182997,186.75336911182282,137.69345854287874,386.9921686101472,345.5904735447484,106.15486725663716,107.0654867256637,99.79115044247786
480,42D,May,2018,129.53908078562208,42.6821,4884.178613517142,196.73299553802687,152.05578627936677,391.9961072669786,352.0323544535179,106.15486725663716,107.0654867256637,99.79115044247786
481,42D,Jun,2018,121.03434460816128,42.6821,4574.65776051319,188.22863906107688,147.48628130667723,338.5161991848649,306.60040588617767,106.15486725663716,107.0654867256637,99.79115044247786
482,42D,Jul,2018,130.71053204973515,42.6821,4625.733035628519,209.22010189421306,156.31395181471376,362.7177961790887,330.2950843203814,106.15486725663716,107.0654867256637,99.79115044247786
483,42D,Aug,2018,118.7851581810642,42.6821,4279.639474158957,195.1020558701015,141.70494744710044,345.2291058583975,325.05023387264947,106.15486725663716,107.0654867256637,99.79115044247786
484,42D,Sep,2018,117.332558613564,42.6821,4393.85597240998,192.1467261340958,141.7121322033468,344.15253129281035,319.032458095778,106.15486725663716,107.0654867256637,99.79115044247786
485,42D,Oct,2018,122.93209565602444,42.6821,5434.010978841247,199.98769011763122,145.57992598264116,369.6189151892625,329.183376785288,106.15486725663716,107.0654867256637,99.79115044247786
486,42D,Nov,2018,115.73938489437025,42.6821,5323.121402180305,199.9206323926651,144.12621030212617,388.9796908850772,339.0707982035006,106.15486725663716,107.0654867256637,99.79115044247786
487,42D,Dec,2018,118.50400987767706,42.6821,4365.623996944855,218.1363843959548,155.1476263840535,452.8288439672048,410.9227398396079,106.15486725663716,107.0654867256637,99.79115044247786
488,52R,Jan,2018,322.4543936700612,103.7356,5208.963942947262,265.00182685281334,213.5554882504519,311.70591388105913,278.9110006593686,100.65714285714286,102.94285714285712,100.27142857142856
489,52R,Feb,2018,296.94723894207965,103.7356,4618.935061830268,248.46099669243492,202.4651696088612,286.7867925765118,236.9389100752297,100.65714285714286,102.94285714285712,100.27142857142856
490,52R,Mar,2018,335.381489093426,103.7356,4817.324043047903,277.5734587131264,226.85726029768088,343.98991281681504,282.2753230327872,100.65714285714286,102.94285714285712,100.27142857142856
491,52R,Apr,2018,318.74303517789457,103.7356,4505.116854773096,235.51978770047305,190.16396003999847,291.0765445999252,238.48129282522103,100.65714285714286,102.94285714285712,100.27142857142856
492,52R,May,2018,352.9357327667647,103.7356,4706.5231222454,256.32728068151226,210.61990404215223,311.0022017513756,245.09425886580885,100.65714285714286,102.94285714285712,100.27142857142856
493,52R,Jun,2018,335.8538438106108,103.7356,4449.369358253097,246.48090458059306,204.27699896157839,264.89459741882246,217.9868820347113,100.65714285714286,102.94285714285712,100.27142857142856
494,52R,Jul,2018,356.9748475933045,103.7356,4512.645610571492,269.3676445136726,223.45294411753395,295.29881737802646,228.3883257049653,100.65714285714286,102.94285714285712,100.27142857142856
495,52R,Aug,2018,322.5218729153733,103.7356,4276.439332302507,251.5017451251875,207.84657320872276,264.0752065828896,218.1122006331481,100.65714285714286,102.94285714285712,100.27142857142856
496,52R,Sep,2018,322.1941165810001,103.7356,4349.972429908344,252.15977270104997,205.98065939771547,279.84607020155084,239.16572517052967,100.65714285714286,102.94285714285712,100.27142857142856
497,52R,Oct,2018,341.82093707463974,103.7356,5345.888971577741,256.4114120610746,204.82986231298796,296.4845241170823,255.38966372200093,100.65714285714286,102.94285714285712,100.27142857142856
498,52R,Nov,2018,339.22780607621684,103.7356,5191.98809280517,259.53028248913506,204.32507403561402,316.9018157700924,261.4917154766541,100.65714285714286,102.94285714285712,100.27142857142856
499,52R,Dec,2018,338.93860931059345,103.7356,4232.46214414338,283.23129398869276,221.43980039229263,357.99667616517377,312.5349446091795,100.65714285714286,102.94285714285712,100.27142857142856
500,71E,Jan,2018,297.2062611714493,75.5833,5232.385990026898,265.00182685281334,213.55548825045193,272.9306606088911,246.2448715523138,102.54285714285714,101.4,97.84285714285714
501,71E,Feb,2018,259.1626721775842,75.5833,4568.522411696764,248.4609966924349,202.4651696088612,250.385997965159,207.50615546026705,102.54285714285714,101.4,97.84285714285714
502,71E,Mar,2018,288.7778120299061,75.5833,4756.063839498937,277.5734587131264,226.85726029768088,301.5480932957413,268.28677763474207,102.54285714285714,101.4,97.84285714285714
503,71E,Apr,2018,285.5509087324846,75.5833,4465.285320963758,235.51978770047307,190.16396003999847,267.4003384345484,243.85016266820847,102.54285714285714,101.4,97.84285714285714
504,71E,May,2018,309.86183455869224,75.5833,4637.558825825282,256.32728068151226,210.61990404215223,275.3915216721154,241.772984243874,102.54285714285714,101.4,97.84285714285714
505,71E,Jun,2018,299.9401984300765,75.5833,4387.066984373532,246.48090458059306,204.27699896157839,263.1136772276416,218.8843302687234,102.54285714285714,101.4,97.84285714285714
506,71E,Jul,2018,304.9890650447917,75.5833,4477.920387175474,269.36764451367253,223.45294411753395,294.813801461434,231.0034094833118,102.54285714285714,101.4,97.84285714285714
507,71E,Aug,2018,293.8882001712019,75.5833,4086.021647639095,251.50174512518748,207.84657320872273,273.71125632249453,227.0739700436472,102.54285714285714,101.4,97.84285714285714
508,71E,Sep,2018,275.4222162832266,75.5833,4362.101151974048,252.15977270104997,205.98065939771547,257.15998110693766,218.3021910924768,102.54285714285714,101.4,97.84285714285714
509,71E,Oct,2018,279.62367348342826,75.5833,5375.89652740751,256.4114120610746,204.82986231298796,265.005629550443,228.63516147085403,102.54285714285714,101.4,97.84285714285714
510,71E,Nov,2018,271.1853015150173,75.5833,5217.885432364028,259.53028248913506,204.32507403561402,270.4301082381955,230.4080398712414,102.54285714285714,101.4,97.84285714285714
511,71E,Dec,2018,277.6354035878296,75.5833,4146.841961121042,283.23129398869276,221.43980039229263,335.02109592992105,288.8204140332587,102.54285714285714,101.4,97.84285714285714
512,72Q,Jan,2018,456.5716806468906,181.1249,2961.657949845659,345.41766450083315,281.7540233402128,196.1188108316416,192.9110795920384,100.91666666666666,99.13333333333333,97.54999999999998
513,72Q,Feb,2018,402.98296921074905,181.1249,2607.6149662470484,323.3367782679785,266.4360329756222,176.56876553140955,170.2692451452009,100.91666666666666,99.13333333333333,97.54999999999998
514,72Q,Mar,2018,455.0713347529799,181.1249,2744.371425463865,360.0362602788628,298.49994431903224,208.7454568642964,202.26926281256743,100.91666666666666,99.13333333333333,97.54999999999998
515,72Q,Apr,2018,422.038880352729,181.1249,2572.898590972307,306.9405545824396,250.84952504654825,179.10844947326405,175.99457611846853,100.91666666666666,99.13333333333333,97.54999999999998
516,72Q,May,2018,450.9609115036088,181.1249,2764.9980759133614,336.81469477983126,277.62842789210595,174.1063763182202,171.29063977399022,100.91666666666666,99.13333333333333,97.54999999999998
517,72Q,Jun,2018,438.9967917166552,181.1249,2681.9890583790525,334.1857204857046,276.2317202504915,167.85654540043916,163.74336162504437,100.91666666666666,99.13333333333333,97.54999999999998
518,72Q,Jul,2018,450.2059076361119,181.1249,2761.4149131345275,361.67234404385374,298.65397765059623,165.1070614807793,168.80616635261083,100.91666666666666,99.13333333333333,97.54999999999998
519,72Q,Aug,2018,409.99332504807455,181.1249,2615.863418006028,317.17128194240195,259.9853668335015,187.2464801912934,182.95110169833083,100.91666666666666,99.13333333333333,97.54999999999998
520,72Q,Sep,2018,422.5592395082068,181.1249,2569.149796632048,320.1749319079006,265.7970028027822,178.0152811678571,172.77028172272284,100.91666666666666,99.13333333333333,97.54999999999998
521,72Q,Oct,2018,436.71107616898615,181.1249,3173.743643198699,330.1267340458416,268.5362982668128,192.64054804171045,187.5446170018589,100.91666666666666,99.13333333333333,97.54999999999998
522,72Q,Nov,2018,437.7821602662031,181.1249,3030.107953130685,336.0736695631178,273.2801085726835,198.08982641260255,190.48181669113413,100.91666666666666,99.13333333333333,97.54999999999998
523,72Q,Dec,2018,433.33219231591016,181.1249,2403.1814510318573,359.9321837034817,289.9073822555684,222.9952921989191,215.05601935460007,100.91666666666666,99.13333333333333,97.54999999999998
524,92G,May,2018,330.7770777894402,91.8428,4873.806112182992,216.19126765277906,151.79171194744268,263.7659130601419,244.2434246342664,100.86379310344827,106.70344827586206,100.51896551724138
525,92G,Jun,2018,329.1523810249688,91.8428,4623.421759789554,216.99809815568895,163.15974685382653,241.70648107418327,215.9232950214933,100.86379310344827,106.70344827586206,100.51896551724138
526,92G,Jul,2018,346.90218286027863,91.8428,4724.910390362664,233.34986301466222,177.00206196913402,244.352306332124,223.5232375319568,100.86379310344827,106.70344827586206,100.51896551724138
527,92G,Aug,2018,315.06819151855126,91.8428,4474.438932610939,215.88922341322822,163.8507247717032,230.72031776034703,219.7559307860823,100.86379310344827,106.70344827586206,100.51896551724138
528,92G,Sep,2018,313.988260375337,91.8428,4529.260867482263,209.78420594121025,160.31308333586765,213.7021083851973,201.62712809278463,100.86379310344827,106.70344827586206,100.51896551724138
529,92G,Oct,2018,285.6957388058727,91.8428,5690.386181605962,215.46098260783756,163.68728987495993,240.6612167747499,226.3868261856128,100.86379310344827,106.70344827586206,100.51896551724138
530,92G,Nov,2018,310.4645459415436,91.8428,5461.37530650198,212.85843703691293,159.83519142260565,250.36257605386595,232.6910764915704,100.86379310344827,106.70344827586206,100.51896551724138
531,92G,Dec,2018,327.85175756836685,91.8428,4379.668302795647,226.76695362938221,169.3785481147164,311.6303074383621,281.1325438684361,100.86379310344827,106.70344827586206,100.51896551724138
532,93C,Jan,2018,515.0538617797986,149.8001,3183.4291165359705,345.41766450083315,281.7540233402128,189.37904580838065,176.64874723047583,103.36,97.9,96.54
533,93C,Feb,2018,464.8020929225015,149.8001,2843.068863104898,323.33677826797845,266.43603297562214,164.50589819365942,147.18281229451784,103.36,97.9,96.54
534,93C,Mar,2018,525.0044559382804,149.8001,2991.633516933567,360.0362602788628,298.4999443190322,186.3349890954679,170.40709585641133,103.36,97.9,96.54
535,93C,Apr,2018,491.9046115456532,149.8001,2794.130310994452,306.9405545824396,250.8495250465483,158.49121596047002,152.3363469049754,103.36,97.9,96.54
536,93C,May,2018,530.1037849774467,149.8001,2984.370504425565,336.81469477983126,277.6284278921059,158.91177642738558,153.297627972211,103.36,97.9,96.54
537,93C,Jun,2018,510.67576056357774,149.8001,2956.253033208923,334.1857204857046,276.23172025049155,143.5646571664505,138.3243402374231,103.36,97.9,96.54
538,93C,Jul,2018,523.3398375568509,149.8001,3065.672185799609,361.67234404385374,298.65397765059623,148.9785387326177,142.8503719289907,103.36,97.9,96.54
539,93C,Aug,2018,475.0349298832245,149.8001,2790.0982709624363,317.17128194240195,259.9853668335015,137.64343281479788,130.9411675960163,103.36,97.9,96.54
540,93C,Sep,2018,498.5126178153419,149.8001,2768.149019927223,320.1749319079006,265.79700280278223,139.75291071234267,133.35772139003913,103.36,97.9,96.54
541,93C,Oct,2018,523.9379679986862,149.8001,3493.5757719787907,330.1267340458416,268.5362982668128,149.8463619183165,142.32967801757144,103.36,97.9,96.54
542,93C,Nov,2018,524.4559916849188,149.8001,3393.1753049564054,336.0736695631178,273.28010857268345,162.8637097037986,152.81031187562627,103.36,97.9,96.54
543,93C,Dec,2018,513.5331685359356,149.8001,2687.087658819988,359.9321837034817,289.9073822555684,186.06796657679132,176.83566299354942,103.36,97.9,96.54
544,99A,Jan,2018,897.0643514532734,49.4814,4713.508510268505,310.56180131094885,234.71618677292483,478.57225168501856,363.58153185291974,87.8,91.4,98.6
545,99A,Feb,2018,776.0491821169167,49.4814,4152.772556960797,261.7564348456899,205.2987969287578,411.81879031724196,302.30054994495646,87.8,91.4,98.6
546,99A,Mar,2018,897.7514783332726,49.4814,4405.453362273501,303.67621537362794,234.71618677292483,486.32983457518407,353.8673904462081,87.8,91.4,98.6
547,99A,Apr,2018,848.1166660603782,49.4814,4046.510405930309,264.97318059068954,203.67792374895882,411.4363051937066,327.3288072593715,87.8,91.4,98.6
548,99A,May,2018,921.3967268508976,49.4814,4299.8379188947765,294.36140305115833,227.9264365248979,424.9605868694818,334.71861599229146,87.8,91.4,98.6
549,99A,Jun,2018,863.6982785450695,49.4814,4020.460213332687,281.1069105448842,220.21374692127847,386.65568247850354,299.35345303156237,87.8,91.4,98.6
550,99A,Jul,2018,883.604748450933,49.4814,4166.899077229019,297.8698226331397,235.57245782292145,399.85387106818774,292.95908635092024,87.8,91.4,98.6
551,99A,Aug,2018,803.8374015286552,49.4814,3994.5919072621223,274.16507322471676,213.85109050597492,353.2446262066057,281.7615891766517,87.8,91.4,98.6
552,99A,Sep,2018,822.5110849733435,49.4814,3998.512572400943,269.15661676682885,209.4718161821478,355.82885261818416,287.29046067390937,87.8,91.4,98.6
553,99A,Oct,2018,880.7539802835005,49.4814,5037.165480362318,299.0240176737678,230.86192535566497,384.7040276173874,301.2021311286498,87.8,91.4,98.6
554,99A,Nov,2018,885.0476340604753,49.4814,4756.312472969641,283.9882313773547,216.54907349805683,395.6833121250235,312.7870170818837,87.8,91.4,98.6
555,99A,Dec,2018,866.3654625778576,49.4814,3660.6684531965548,285.20284456992897,228.23686082282856,468.0122297166422,380.8350434831645,87.8,91.4,98.6
556,99C,Jan,2018,759.5698715925917,20.5985,4863.994951088671,336.11646792815185,227.42309502788555,1452.42835714961,1175.0147102607773,95.5,100.3,102.3
557,99C,Feb,2018,702.963808044275,20.5985,4268.951622690973,283.7220972499102,189.55539985234708,1205.9873936240015,1009.6953670792125,95.5,100.3,102.3
558,99C,Mar,2018,786.8534116561885,20.5985,4519.358205694589,322.2622567468779,217.69043936504906,1382.792734189468,1159.5918661077003,95.5,100.3,102.3
559,99C,Apr,2018,815.5448212248464,20.5985,4122.921571959123,295.9493786212746,194.91342202631577,1292.950786593273,1119.5037597592175,95.5,100.3,102.3
560,99C,May,2018,893.9485884894531,20.5985,4451.149355535597,315.8702302937223,211.6454912713408,1321.736332862511,1157.3482867661273,95.5,100.3,102.3
561,99C,Jun,2018,854.9166201422433,20.5985,4261.086972352356,312.3271387076971,209.96794586734518,1198.3253585141015,1028.9845051919813,95.5,100.3,102.3
562,99C,Jul,2018,923.8051314416098,20.5985,4324.829477874602,330.78013815164866,225.59370284163174,1254.9651539673962,1049.585925561142,95.5,100.3,102.3
563,99C,Aug,2018,867.296162341918,20.5985,4223.996892977644,317.88039245885494,217.13366783010227,1183.3963840274084,1014.9303855428826,95.5,100.3,102.3
564,99C,Sep,2018,842.7798140641308,20.5985,4209.432725683909,318.4660871904224,218.40628848140923,1158.5476845273456,1005.7020780624505,95.5,100.3,102.3
565,99C,Oct,2018,938.3692987353448,20.5985,5241.498167342282,333.2096866677802,220.51045103555887,1214.1432984002856,1068.0707616457996,95.5,100.3,102.3
566,99C,Nov,2018,859.2373231060513,20.5985,4860.014078695051,334.8221548793794,215.76704678977822,1229.6225848009494,1086.28749705442,95.5,100.3,102.3
567,99C,Dec,2018,904.4347889409422,20.5985,3840.7165570308516,365.8422832549876,236.24466999717276,1473.8058584230882,1255.0215962149828,95.5,100.3,102.3
568,99G,Jul,2018,498.0187764094638,18.2463,3429.517217189238,245.94863694150467,159.03968802980467,505.57053696779303,468.03978259963026,100.3,99.6,98.9
569,99G,Aug,2018,464.9709804179477,18.2463,3349.8846341450044,226.92094640618498,146.5651208628301,554.8991534729848,515.0227269568118,100.3,99.6,98.9
570,99G,Sep,2018,475.932106783293,18.2463,3435.984281744792,223.81997397303476,144.30123429304453,528.7666282092271,488.50794400967465,100.3,99.6,98.9
571,99G,Oct,2018,478.06952642453535,18.2463,4220.417290080728,230.33113261472047,146.8102832133142,557.2969516687285,510.9221445351052,100.3,99.6,98.9
572,99G,Nov,2018,471.7120731326351,18.2463,4004.7023232107326,233.50499115206867,147.4640494812718,567.9480407556192,527.2549728249538,100.3,99.6,98.9
573,99G,Dec,2018,471.931295659942,18.2463,3200.9229268399617,240.65887271259106,148.0206342769654,690.6701324696627,637.9880735602786,100.3,99.6,98.9
574,A3A8R,Jan,2018,295.0886929055136,200.8447,3572.670824771578,1303.993531266723,1063.6555729567349,145.0274764531999,140.19289530667228,103.65714285714286,94.58571428571427,96.35714285714285
575,A3A8R,Feb,2018,263.96016424630574,200.8447,3212.1833436481024,1220.635510611096,1005.8283035369795,128.13382678258375,119.52020640823484,103.65714285714286,94.58571428571427,96.35714285714285
576,A3A8R,Mar,2018,294.62066960193624,200.8447,3396.420219204191,1359.1805013896933,1126.873453440758,153.65603374149282,134.87535394262335,103.65714285714286,94.58571428571427,96.35714285714285
577,A3A8R,Apr,2018,276.37771870504923,200.8447,3157.758208207635,1158.7377797754648,946.987347780066,121.18318282732878,113.814305281643,103.65714285714286,94.58571428571427,96.35714285714285
578,A3A8R,May,2018,289.5819506315078,200.8447,3456.466613258902,1271.5162783095484,1048.0809503191542,127.43179182721776,121.4022575651735,103.65714285714286,94.58571428571427,96.35714285714285
579,A3A8R,Jun,2018,279.5294075472243,200.8447,3426.612701256244,1261.5915818457424,1042.8082097592064,118.65884437079993,112.1015391494025,103.65714285714286,94.58571428571427,96.35714285714285
580,A3A8R,Jul,2018,286.47009355985,200.8447,3553.810481431673,1365.3569158161,1127.4549479287402,107.71008644987894,99.69394263328832,103.65714285714286,94.58571428571427,96.35714285714285
581,B2M3M,Jan,2018,348.1357866058147,93.7795,3737.757185738888,765.2839183927643,580.1194195520327,296.36127925451547,277.9163307279809,102.6,102.54999999999998,99.33333333333331
582,B2M3M,Feb,2018,323.81277358058,93.7795,3333.052532803011,706.9793161453962,538.8626584169151,293.6431349450036,262.8690625883362,102.6,102.54999999999998,99.33333333333331
583,B2M3M,Mar,2018,354.1498941666356,93.7795,3419.5426505792843,778.4308859216247,599.4683590754765,323.8741354365532,266.302947766234,102.6,102.54999999999998,99.33333333333331
584,B2M3M,Apr,2018,344.8301601096188,93.7795,3245.986596217724,674.555436885205,510.9803209962783,292.1030388352083,268.5615697283387,102.6,102.54999999999998,99.33333333333331
585,B2M3M,May,2018,369.3344494265804,93.7795,3413.2193069914,737.9550576904707,564.7054720398221,299.2019628566694,276.8246170298982,102.6,102.54999999999998,99.33333333333331
586,B2M3M,Jun,2018,369.249142936356,93.7795,3348.844896805805,719.6448347480267,556.0810916683811,275.66606371764715,257.30466470882294,102.6,102.54999999999998,99.33333333333331
587,B2M3M,Jul,2018,376.8947371227187,93.7795,3477.145858103317,783.404594513858,603.2744592481916,294.2976061670684,274.82499857269573,102.6,102.54999999999998,99.33333333333331
588,B2M3M,Aug,2018,342.87877414573546,93.7795,3285.5688076818496,711.7255685520089,548.0708429981152,278.66549140345086,258.8141259954577,102.6,102.54999999999998,99.33333333333331
589,B2M3M,Sep,2018,351.7933023741863,93.7795,3401.6069610096024,721.3393833308988,554.0150313156622,277.4957981555052,255.88432290774605,102.6,102.54999999999998,99.33333333333331
590,B2M3M,Oct,2018,363.6615678266572,93.7795,4205.695274553607,735.9117429563139,557.1918360414941,294.31988603845787,269.54188406947424,102.6,102.54999999999998,99.33333333333331
591,B2M3M,Nov,2018,361.25165947781767,93.7795,3968.2553223252417,748.8122996174188,562.5598020221361,308.787877521977,283.49743851103625,102.6,102.54999999999998,99.33333333333331
592,B2M3M,Dec,2018,358.8630777515342,93.7795,3053.759083808295,798.9625976102949,601.3676182254071,364.8690987931272,330.88672495638014,102.6,102.54999999999998,99.33333333333331
593,D2P2L,Jan,2018,523.8233163317046,137.0653,4766.137016443987,1020.3785578570192,773.4925594027102,296.36127925451547,277.91633072798084,93.92375377643503,91.83070241691844,99.05098187311178
594,D2P2L,Feb,2018,464.86601641699247,137.0653,4226.459942815577,942.6390881938614,718.4835445558867,293.6431349450035,262.8690625883362,93.92375377643503,91.83070241691844,99.05098187311178
595,D2P2L,Mar,2018,497.0258701509426,137.0653,4386.77768917443,1037.9078478954996,799.2911454339687,323.8741354365532,266.302947766234,93.92375377643503,91.83070241691844,99.05098187311178
596,D2P2L,Apr,2018,482.53642606845057,137.0653,4149.328823560741,899.4072491802732,681.3070946617044,292.10303883520834,268.5615697283387,93.92375377643503,91.83070241691844,99.05098187311178
597,D2P2L,May,2018,517.4613851937726,137.0653,4389.7178935879465,983.9400769206276,752.9406293864294,299.2019628566693,276.8246170298981,93.92375377643503,91.83070241691844,99.05098187311178
598,D2P2L,Jun,2018,503.0959695852998,137.0653,4278.712409340657,959.526446330702,741.4414555578414,275.66606371764715,257.30466470882294,93.92375377643503,91.83070241691844,99.05098187311178
599,D2P2L,Jul,2018,516.1116635647388,137.0653,4398.494732072961,1044.5394593518106,804.3659456642555,294.2976061670684,274.8249985726958,93.92375377643503,91.83070241691844,99.05098187311178
600,D2P2L,Aug,2018,467.9740240600648,137.0653,4121.633994891486,948.967424736012,730.7611239974868,278.66549140345086,258.8141259954577,93.92375377643503,91.83070241691844,99.05098187311178
601,D2P2L,Sep,2018,476.2912276119485,137.0653,4144.732474229437,961.7858444411984,738.6867084208828,277.4957981555051,255.884322907746,93.92375377643503,91.83070241691844,99.05098187311178
602,D2P2L,Oct,2018,495.4572747442277,137.0653,5244.57320707721,981.215657275085,742.9224480553255,294.31988603845787,269.5418840694742,93.92375377643503,91.83070241691844,99.05098187311178
603,D2P2L,Nov,2018,498.5215076317638,137.0653,4896.155336179178,998.4163994898915,750.0797360295147,308.78787752197707,283.49743851103614,93.92375377643503,91.83070241691844,99.05098187311178
604,D2P2L,Dec,2018,510.6252275375314,137.0653,3930.608257523968,1065.283463480393,801.8234909672093,364.8690987931272,330.8867249563802,93.92375377643503,91.83070241691844,99.05098187311178
605,D9Y0V,Jan,2018,188.5267019711056,160.3009,4438.727418249055,1042.278015483099,798.7913259864913,45.42706871889053,42.06464218229592,105.25195007800312,105.36333853354134,99.50951638065524
606,D9Y0V,Feb,2018,170.44820085227218,160.3009,3865.62396093846,958.1260693542572,728.1506469193647,41.06028100902739,37.74152234953141,105.25195007800312,105.36333853354134,99.50951638065524
607,D9Y0V,Mar,2018,192.34452208315736,160.3009,4057.637854809299,1120.39937903925,864.8668693910852,47.42331452911368,44.17941508750106,105.25195007800312,105.36333853354134,99.50951638065524
608,D9Y0V,Apr,2018,189.03200169181832,160.3009,3874.3076302129302,1043.6667374241383,743.1273608912373,40.64231704251192,38.7022156457013,105.25195007800312,105.36333853354134,99.50951638065524
609,D9Y0V,May,2018,212.12607040883736,160.3009,3996.75859586565,1128.1792909078356,817.8421358185404,45.11515531104317,42.28298156778907,105.25195007800312,105.36333853354134,99.50951638065524
610,D9Y0V,Jun,2018,204.1473254361017,160.3009,3782.155932998504,1095.4330740881878,802.6352469393132,43.6179709533758,41.02285140008571,105.25195007800312,105.36333853354134,99.50951638065524
611,D9Y0V,Jul,2018,218.4828656607667,160.3009,3893.2969184826784,1208.6561110159157,897.7435186582339,45.96979804854495,42.91304665164076,105.25195007800312,105.36333853354134,99.50951638065524
612,D9Y0V,Aug,2018,202.08245867615216,160.3009,3739.436272659729,1106.1438797770884,805.5814857534522,47.08644804863852,43.62420922153275,105.25195007800312,105.36333853354134,99.50951638065524
613,D9Y0V,Sep,2018,197.64081174840564,160.3009,3796.628715122622,1099.860104806308,799.9268555294408,43.5119203947077,40.561219556471606,105.25195007800312,105.36333853354134,99.50951638065524
614,D9Y0V,Oct,2018,199.13175783791604,160.3009,4668.57640849178,1133.626763715228,808.4740170892082,43.48696732207991,40.14949385811308,105.25195007800312,105.36333853354134,99.50951638065524
615,D9Y0V,Nov,2018,196.5553530890968,160.3009,4640.4043894950055,1143.07927991059,800.2414279028254,43.91740782490928,40.82946508722034,105.25195007800312,105.36333853354134,99.50951638065524
616,D9Y0V,Dec,2018,194.21600253024155,160.3009,3679.124696118362,1226.755531230899,853.918216297918,48.70215950128789,45.62669329991285,105.25195007800312,105.36333853354134,99.50951638065524
617,M1J4Y,Jan,2018,358.0913653980558,94.434,5048.605375182668,638.8871832209054,441.526168358202,77.2603087870894,73.56460596818943,103.35296875000002,99.204140625,97.11375
618,M1J4Y,Feb,2018,327.97509371624625,94.434,4467.077535633352,580.0343277865012,395.2154551063314,69.09587648516424,62.117457695321605,103.35296875000002,99.204140625,97.11375
619,M1J4Y,Mar,2018,359.20325306563313,94.434,4613.211343372091,655.5211010622901,455.0569888039954,78.94402439799225,74.51765254039859,103.35296875000002,99.204140625,97.11375
620,M1J4Y,Apr,2018,344.31454772645446,94.434,4292.881801046234,593.4902206744504,397.2622566864622,67.50746553148231,64.32005421776056,103.35296875000002,99.204140625,97.11375
621,M1J4Y,May,2018,372.4188322002669,94.434,4547.747633267679,645.7805185425603,439.32037415532886,73.07749327572697,67.08388927716712,103.35296875000002,99.204140625,97.11375
622,M1J4Y,Jun,2018,361.0458097719042,94.434,4229.620687464261,631.0216171486884,430.3509972309699,67.52864434419807,56.21915835398268,103.35296875000002,99.204140625,97.11375
623,M1J4Y,Jul,2018,372.7788720164348,94.434,4360.304551326853,694.8946189586458,477.01807325795255,77.78977910498338,60.78319249422878,103.35296875000002,99.204140625,97.11375
624,M1J4Y,Aug,2018,334.6570091280683,94.434,4147.584556409768,638.989523299912,434.4226703743015,64.93423978651757,53.38119745007095,103.35296875000002,99.204140625,97.11375
625,M1J4Y,Sep,2018,339.5281360526929,94.434,4134.792553529449,632.3611756828277,429.3294239423154,65.50606772984307,54.2918863968486,103.35296875000002,99.204140625,97.11375
626,M1J4Y,Oct,2018,344.82283923163266,94.434,5068.174598132029,651.1789577101554,435.5173437193893,73.74462587627337,62.72105385772074,103.35296875000002,99.204140625,97.11375
627,M1J4Y,Nov,2018,352.2460130885063,94.434,4898.362877777072,658.6826785030279,434.6383155407796,76.34961984031176,64.3941800622657,103.35296875000002,99.204140625,97.11375
628,M1J4Y,Dec,2018,359.63741872630624,94.434,4023.688502022577,690.4519630289155,448.3445761220129,82.7562106868289,71.48908232204502,103.35296875000002,99.204140625,97.11375
629,M2L0M,Jan,2018,244.68300831404235,49.8073,4826.822574200971,510.1892789285096,386.7462797013551,296.36127925451547,277.91633072798084,100.15,102.65,99.45
630,M2L0M,Feb,2018,224.24423729051767,49.8073,4227.372292816515,471.3195440969307,359.2417722779434,293.6431349450035,262.8690625883362,100.15,102.65,99.45
631,M2L0M,Mar,2018,250.5456027530101,49.8073,4420.998528328177,518.9539239477498,399.6455727169843,323.8741354365532,266.302947766234,100.15,102.65,99.45
632,M2L0M,Apr,2018,253.63751899821915,49.8073,4111.786826429057,449.7036245901367,340.6535473308523,292.1030388352083,268.5615697283387,100.15,102.65,99.45
633,M2L0M,May,2018,288.57215709343814,49.8073,4280.396648684028,491.9700384603137,376.47031469321473,299.2019628566694,276.8246170298981,100.15,102.65,99.45
634,M2L0M,Jun,2018,284.89799687997544,49.8073,4217.052520413675,479.7632231653511,370.7207277789208,275.66606371764715,257.30466470882294,100.15,102.65,99.45
635,M2L0M,Jul,2018,301.40160177323406,49.8073,4289.351159368205,522.2697296759054,402.1829728321279,294.29760616706835,274.8249985726956,100.15,102.65,99.45
636,M2L0M,Aug,2018,275.3612422275449,49.8073,4137.345328897572,474.483712368006,365.3805619987434,278.66549140345086,258.81412599545763,100.15,102.65,99.45
637,M2L0M,Sep,2018,267.9526896659727,49.8073,4247.007968711414,480.89292222059913,369.3433542104414,277.4957981555051,255.884322907746,100.15,102.65,99.45
638,M2L0M,Oct,2018,275.019926797879,49.8073,5197.169892766723,490.6078286375425,371.4612240276628,294.3198860384577,269.5418840694742,100.15,102.65,99.45
639,M2L0M,Nov,2018,261.8692440666328,49.8073,4969.331804775606,499.2081997449458,375.03986801475736,308.7878775219769,283.4974385110362,100.15,102.65,99.45
640,M2L0M,Dec,2018,270.0206596221839,49.8073,3822.8733539059535,532.6417317401965,400.9117454836048,364.8690987931272,330.88672495638014,100.15,102.65,99.45
641,W2U3Z,Jan,2018,583.4889302159554,209.5479,4370.680880123351,1490.2783214476833,1215.6063690934109,102.87862584163337,96.2071201858859,105.575,97.1125,96.35
642,W2U3Z,Feb,2018,520.1130624549328,209.5479,3926.7632841942095,1395.0120121269667,1149.5180611851194,95.55333172033696,88.39506384936332,105.575,97.1125,96.35
643,W2U3Z,Mar,2018,580.6084432246756,209.5479,4185.095627300489,1553.3491444453637,1287.8553753608662,109.11586324654172,96.79409815130576,105.575,97.1125,96.35
644,W2U3Z,Apr,2018,546.0882213565491,209.5479,3870.9526556935193,1324.2717483148165,1082.27125460579,90.561632924978,87.61242656213686,105.575,97.1125,96.35
645,W2U3Z,May,2018,582.761268425978,209.5479,4112.572829410364,1453.161460925198,1197.8068003647477,93.49175057349656,91.61628439130146,105.575,97.1125,96.35
646,W2U3Z,Jun,2018,564.5187568093023,209.5479,3922.282208506981,1441.818950680848,1191.7808111533786,88.37120295646008,87.25928534716883,105.575,97.1125,96.35
647,W2U3Z,Jul,2018,573.2466896590231,209.5479,4018.0598326206086,1560.4079037898289,1288.5199404899888,88.78638249297654,87.64105963362076,105.575,97.1125,96.35
648,W2U3Z,Aug,2018,519.1448828644907,209.5479,3667.567176764835,1368.411445742355,1121.6871512506457,85.87535355878059,84.44847216316651,105.575,97.1125,96.35
649,W2U3Z,Sep,2018,538.9209817898437,209.5479,3794.712330689069,1381.3704657602464,1146.7610139602457,84.7777524852313,83.00250205322983,105.575,97.1125,96.35
650,W2U3Z,Oct,2018,549.6119980205003,209.5479,4706.546808629435,1424.3067614674812,1158.579496526805,91.08180039026875,87.9846564914275,105.575,97.1125,96.35
651,W2U3Z,Nov,2018,541.2673665543773,209.5479,4469.779940529111,1449.964363817527,1179.046306381812,99.53810083517898,96.18325929298264,105.575,97.1125,96.35
652,W2U3Z,Dec,2018,549.3334936785336,209.5479,3679.4117240020064,1552.900113952713,1250.783417887646,117.59602458435518,111.81691632318912,105.575,97.1125,96.35
653,X2C4Y,Jan,2018,371.6890002210942,43.8727,4675.185251876452,468.45121162331975,321.2587987011554,373.16985460722464,365.4656962940488,95.9,98.8,98.3
654,X2C4Y,Feb,2018,347.1862912471765,43.8727,4071.506882412069,443.3859900119298,318.8701717910459,323.6850670575459,314.7211408377858,95.9,98.8,98.3
655,X2C4Y,Mar,2018,378.093894380788,43.8727,4254.26290153102,504.4687868482664,363.8546985193778,388.1891990711846,359.53826243876506,95.9,98.8,98.3
656,X2C4Y,Apr,2018,370.3897868150353,43.8727,4107.109888381613,456.6348048670386,324.30794623592533,386.99216861014713,345.5904735447484,95.9,98.8,98.3
657,X2C4Y,May,2018,409.1838432556008,43.8727,4418.123343217992,483.21691977343386,356.22414921007305,391.9961072669786,352.03235445351794,95.9,98.8,98.3
658,X2C4Y,Jun,2018,385.6156562053395,43.8727,4072.2818518121744,467.6985253301019,348.0060437637157,338.51619918486483,306.60040588617767,95.9,98.8,98.3
659,X2C4Y,Jul,2018,401.5937017780989,43.8727,4240.97445564098,511.158478291049,370.45990476598274,362.7177961790888,330.2950843203814,95.9,98.8,98.3
660,X2C4Y,Aug,2018,365.8767297203044,43.8727,3951.0219339133446,481.6693045889095,342.541387665507,345.2291058583975,325.0502338726494,95.9,98.8,98.3
661,X2C4Y,Sep,2018,371.43827482694246,43.8727,4213.941699507895,477.2415122619702,343.22878994349674,344.1525312928104,319.0324580957779,95.9,98.8,98.3
662,X2C4Y,Oct,2018,380.92025336940736,43.8727,5123.45946340207,497.6446871388378,350.54828012142065,369.61891518926245,329.1833767852881,95.9,98.8,98.3
663,X2C4Y,Nov,2018,364.30399770244367,43.8727,4795.328302110424,498.3935331958657,345.6980618135938,388.9796908850772,339.0707982035006,95.9,98.8,98.3
664,X2C4Y,Dec,2018,388.0773237115564,43.8727,3942.907548429889,544.076982910757,374.24637764921096,452.8288439672048,410.9227398396079,95.9,98.8,98.3
665,00Q,Jan,2019,1044.377666282096,14.8942,4669.737213143371,277.9562995380541,224.59818035452201,438.2102638411804,347.01698381058156,96.0,94.6,99.5
666,00Q,Feb,2019,972.1365136433152,14.8942,4064.803749110392,248.23658887650333,199.43840569153272,393.3565276235169,319.67174930551977,96.0,94.6,99.5
667,00Q,Mar,2019,1056.3172439698426,14.8942,4195.1229337594505,260.53239073843906,208.9079213434974,400.96209719535426,350.2705591883469,96.0,94.6,99.5
668,00Q,Apr,2019,1068.458050495023,14.8942,3768.8496193149012,262.3784259875144,208.39802434685316,411.9634481524252,361.76472751612687,96.0,94.6,99.5
669,00Q,May,2019,1085.2941965603284,14.8942,3892.589061513878,264.7884697512452,208.71436860599573,417.74730973203975,362.45123927631846,96.0,94.6,99.5
670,00Q,Jun,2019,1047.7985565184729,14.8942,3620.5368532717434,265.6376043415752,215.55323199772232,400.41779144263086,334.5396325690986,96.0,94.6,99.5
671,00Q,Jul,2019,1130.302379866384,14.8942,4277.235433927301,278.83665231185216,232.53800501655397,406.1746829173807,324.9382752372756,96.0,94.6,99.5
672,00Q,Aug,2019,1032.30393603606,14.8942,3636.180526647957,268.83018390423763,222.31717174912566,409.30076325396766,334.91966586491895,96.0,94.6,99.5
673,00Q,Sep,2019,1053.5000402457674,14.8942,4174.510883431134,262.91537874316424,217.37221148779204,391.5078495264295,308.65078372672906,96.0,94.6,99.5
674,00Q,Oct,2019,1076.4401277132354,14.8942,4941.789421385506,280.2893384492305,234.4256645102533,421.06953628582426,321.25072635396054,96.0,94.6,99.5
675,00Q,Nov,2019,1107.8989026320733,14.8942,4436.4249170818175,292.6371706169462,247.5456264157446,494.3301484091316,347.2915885146582,96.0,94.6,99.5
676,00Q,Dec,2019,1078.9219500415873,14.8942,3884.3979535658177,305.35545856181574,256.0910838370561,552.3624585947595,395.14391002773016,96.0,94.6,99.5
677,00R,Jan,2019,1297.4001723642632,13.9305,5436.990775636194,277.95629953805417,224.59818035452201,438.2102638411804,347.01698381058156,84.8,88.5,98.5
678,00R,Feb,2019,1205.1134731399025,13.9305,5544.524604285561,248.2365888765034,199.43840569153272,393.3565276235169,319.67174930551977,84.8,88.5,98.5
679,00R,Mar,2019,1352.1258259120943,13.9305,5775.026022037974,260.53239073843906,208.9079213434974,400.9620971953542,350.27055918834697,84.8,88.5,98.5
680,00R,Apr,2019,1356.147658718759,13.9305,5451.347762104734,262.3784259875144,208.3980243468532,411.9634481524252,361.76472751612687,84.8,88.5,98.5
681,00R,May,2019,1379.129560471129,13.9305,5630.738308029145,264.7884697512452,208.71436860599573,417.74730973203975,362.4512392763185,84.8,88.5,98.5
682,00R,Jun,2019,1370.1522550991094,13.9305,5270.665087398155,265.63760434157524,215.55323199772235,400.41779144263086,334.5396325690986,84.8,88.5,98.5
683,00R,Jul,2019,1457.3398448721632,13.9305,6137.181005706902,278.83665231185216,232.53800501655397,406.1746829173807,324.93827523727566,84.8,88.5,98.5
684,00R,Aug,2019,1437.9488652686011,13.9305,5209.3607551774885,268.83018390423763,222.3171717491257,409.30076325396766,334.919665864919,84.8,88.5,98.5
685,00R,Sep,2019,1385.2341281241024,13.9305,6147.159111302538,262.9153787431643,217.37221148779204,391.5078495264294,308.65078372672906,84.8,88.5,98.5
686,00R,Oct,2019,1381.0686584314851,13.9305,6779.871504971106,280.2893384492305,234.42566451025328,421.06953628582426,321.25072635396054,84.8,88.5,98.5
687,00R,Nov,2019,1373.024992818156,13.9305,6145.220918129285,292.63717061694626,247.54562641574464,494.33014840913154,347.2915885146582,84.8,88.5,98.5
688,00R,Dec,2019,1360.9594943981615,13.9305,5353.361329456947,305.35545856181574,256.0910838370561,552.3624585947593,395.14391002773016,84.8,88.5,98.5
689,00T,Jan,2019,353.95570836565406,28.5372,3664.4099631358367,277.9562995380541,224.59818035452204,438.21026384118034,347.01698381058156,93.1,95.7,100.0
690,00T,Feb,2019,333.1656149325283,28.5372,3395.6730162734957,248.23658887650336,199.43840569153272,393.3565276235169,319.67174930551977,93.1,95.7,100.0
691,00T,Mar,2019,364.61281508347486,28.5372,3585.2501296553273,260.53239073843906,208.9079213434974,400.9620971953542,350.27055918834697,93.1,95.7,100.0
692,00T,Apr,2019,365.3116417534959,28.5372,3443.610445313486,262.3784259875144,208.39802434685316,411.9634481524252,361.76472751612687,93.1,95.7,100.0
693,00T,May,2019,372.3697911207083,28.5372,3680.108770306828,264.7884697512452,208.7143686059957,417.7473097320397,362.4512392763185,93.1,95.7,100.0
694,00T,Jun,2019,371.1119031146705,28.5372,4439.083021459709,265.63760434157524,215.55323199772232,400.41779144263086,334.53963256909856,93.1,95.7,100.0
695,00T,Jul,2019,396.1997805684256,28.5372,5086.20327151928,278.83665231185216,232.53800501655397,406.1746829173807,324.9382752372756,93.1,95.7,100.0
696,00T,Aug,2019,346.478262996429,28.5372,4459.6877058716345,268.83018390423763,222.3171717491257,409.3007632539676,334.91966586491895,93.1,95.7,100.0
697,00T,Sep,2019,365.8008204225106,28.5372,5026.071233337539,262.9153787431643,217.37221148779201,391.5078495264294,308.65078372672906,93.1,95.7,100.0
698,00T,Oct,2019,373.9770924617568,28.5372,5839.535763845087,280.2893384492305,234.42566451025328,421.0695362858242,321.2507263539605,93.1,95.7,100.0
699,00T,Nov,2019,383.5510178410449,28.5372,5393.03085095945,292.63717061694626,247.5456264157446,494.33014840913154,347.2915885146582,93.1,95.7,100.0
700,00T,Dec,2019,367.8623590990727,28.5372,4574.730527171551,305.35545856181574,256.0910838370561,552.3624585947593,395.14391002773016,93.1,95.7,100.0
701,01E,Jan,2019,628.7027378117189,20.2562,3430.9001688371955,277.95629953805417,224.59818035452204,438.21026384118034,347.01698381058156,105.06666666666666,105.93333333333332,103.1
702,01E,Feb,2019,588.7476135178223,20.2562,3066.27106762374,248.2365888765034,199.43840569153272,393.3565276235169,319.67174930551977,105.06666666666666,105.93333333333332,103.1
703,01E,Mar,2019,652.6167654063416,20.2562,3263.59336894383,260.53239073843906,208.9079213434974,400.96209719535426,350.2705591883469,105.06666666666666,105.93333333333332,103.1
704,01E,Apr,2019,673.1847973704411,20.2562,2960.575033816807,262.3784259875144,208.39802434685316,411.9634481524252,361.76472751612687,105.06666666666666,105.93333333333332,103.1
705,01E,May,2019,673.0371799161533,20.2562,3152.2694286193855,264.7884697512452,208.71436860599573,417.7473097320397,362.45123927631846,105.06666666666666,105.93333333333332,103.1
706,01E,Jun,2019,654.6834097663708,20.2562,2849.3498286944246,265.6376043415752,215.55323199772235,400.41779144263086,334.53963256909856,105.06666666666666,105.93333333333332,103.1
707,01E,Jul,2019,707.3828409471136,20.2562,3389.3326487692657,278.83665231185216,232.53800501655397,406.1746829173807,324.9382752372756,105.06666666666666,105.93333333333332,103.1
708,01E,Aug,2019,666.1483653827228,20.2562,2890.966716363385,268.83018390423763,222.31717174912566,409.3007632539676,334.91966586491895,105.06666666666666,105.93333333333332,103.1
709,01E,Sep,2019,665.8531304741472,20.2562,3445.5623463433417,262.91537874316424,217.37221148779201,391.5078495264294,308.650783726729,105.06666666666666,105.93333333333332,103.1
710,01E,Oct,2019,681.4513748105576,20.2562,4139.029038022926,280.2893384492305,234.4256645102533,421.0695362858242,321.2507263539605,105.06666666666666,105.93333333333332,103.1
711,01E,Nov,2019,677.8593500895546,20.2562,3737.3248684353434,292.63717061694626,247.5456264157446,494.33014840913154,347.2915885146582,105.06666666666666,105.93333333333332,103.1
712,01E,Dec,2019,696.7543842383923,20.2562,3142.8895844235344,305.3554585618158,256.0910838370561,552.3624585947593,395.1439100277301,105.06666666666666,105.93333333333332,103.1
713,01G,Jan,2019,349.5507936754232,25.4408,1978.0431432973805,277.95629953805417,224.59818035452201,438.2102638411804,347.01698381058156,91.0,91.5,98.0
714,01G,Feb,2019,324.33627632007693,25.4408,1791.2565642589857,248.23658887650336,199.43840569153272,393.35652762351697,319.67174930551977,91.0,91.5,98.0
715,01G,Mar,2019,360.2184740949928,25.4408,1886.182824439483,260.53239073843906,208.9079213434974,400.96209719535426,350.2705591883469,91.0,91.5,98.0
716,01G,Apr,2019,347.766381677968,25.4408,1801.830131127952,262.3784259875144,208.39802434685316,411.9634481524252,361.7647275161269,91.0,91.5,98.0
717,01G,May,2019,356.3781091439477,25.4408,1832.9612276343512,264.7884697512452,208.71436860599573,417.7473097320397,362.4512392763185,91.0,91.5,98.0
718,01G,Jun,2019,342.21918785979176,25.4408,4258.356655451086,265.6376043415752,215.55323199772232,400.41779144263086,334.5396325690986,91.0,91.5,98.0
719,01G,Jul,2019,513.0572408335531,25.4408,5004.638218923933,278.83665231185216,232.53800501655397,406.1746829173808,324.9382752372756,91.0,91.5,98.0
720,01G,Aug,2019,480.27836827160303,25.4408,4207.886544448288,268.8301839042376,222.3171717491257,409.30076325396766,334.91966586491895,91.0,91.5,98.0
721,01G,Sep,2019,486.2134777413999,25.4408,5192.997075563661,262.91537874316424,217.37221148779201,391.5078495264294,308.65078372672906,91.0,91.5,98.0
722,01G,Oct,2019,510.0314987509116,25.4408,5746.871167573347,280.2893384492305,234.42566451025328,421.0695362858242,321.25072635396054,91.0,91.5,98.0
723,01G,Nov,2019,533.7719366300992,25.4408,5177.195685670262,292.6371706169462,247.5456264157446,494.3301484091316,347.29158851465826,91.0,91.5,98.0
724,01G,Dec,2019,518.6432262168914,25.4408,4510.746517405113,305.35545856181574,256.09108383705603,552.3624585947595,395.14391002773016,91.0,91.5,98.0
725,01J,Jan,2019,1368.1459574589749,14.9571,5257.369409845492,277.95629953805417,224.59818035452204,438.21026384118034,347.01698381058156,93.5,87.4,104.5
726,01J,Feb,2019,1260.2257257864449,14.9571,4747.243783888588,248.2365888765034,199.43840569153275,393.35652762351685,319.67174930551977,93.5,87.4,104.5
727,01J,Mar,2019,1355.963788221124,14.9571,5010.062110970709,260.53239073843906,208.90792134349743,400.9620971953542,350.27055918834685,93.5,87.4,104.5
728,01J,Apr,2019,1202.76229077409,14.9571,4531.225972949302,262.3784259875144,208.39802434685316,411.9634481524252,361.76472751612687,93.5,87.4,104.5
729,01J,May,2019,1388.7596128303162,14.9571,4705.3907508808525,264.7884697512452,208.71436860599573,417.7473097320397,362.45123927631846,93.5,87.4,104.5
730,01J,Jun,2019,1301.7023779272995,14.9571,4522.801880043591,265.63760434157524,215.55323199772232,400.41779144263086,334.53963256909856,93.5,87.4,104.5
731,01J,Jul,2019,1442.8685455046482,14.9571,5019.555929959684,278.83665231185216,232.53800501655397,406.17468291738066,324.93827523727555,93.5,87.4,104.5
732,01J,Aug,2019,1356.728837696499,14.9571,4179.352949435385,268.8301839042376,222.3171717491257,409.30076325396766,334.91966586491895,93.5,87.4,104.5
733,01J,Sep,2019,1354.025081485719,14.9571,4800.328940770603,262.91537874316424,217.37221148779204,391.5078495264294,308.65078372672906,93.5,87.4,104.5
734,01J,Oct,2019,1457.7732104313022,14.9571,5830.809448355631,280.2893384492305,234.4256645102533,421.0695362858242,321.2507263539605,93.5,87.4,104.5
735,01J,Nov,2019,1362.1105091121772,14.9571,5011.8672737362185,292.63717061694626,247.5456264157446,494.3301484091315,347.2915885146582,93.5,87.4,104.5
736,01J,Dec,2019,1460.369210151379,14.9571,4410.012636139359,305.3554585618158,256.0910838370561,552.3624585947593,395.1439100277301,93.5,87.4,104.5
737,01K,Jan,2019,289.6388780900891,33.0572,4909.127209806033,277.95629953805417,224.59818035452204,438.21026384118034,347.0169838105815,99.412213740458,103.99923664122136,102.86106870229008
738,01K,Feb,2019,269.688723340777,33.0572,4330.342557748388,248.23658887650336,199.43840569153275,393.35652762351685,319.67174930551977,99.412213740458,103.99923664122136,102.86106870229008
739,01K,Mar,2019,301.81389700054547,33.0572,4516.232469779655,260.5323907384391,208.90792134349746,400.9620971953542,350.2705591883469,99.412213740458,103.99923664122136,102.86106870229008
740,01K,Apr,2019,309.2273986143382,33.0572,4146.630688624566,262.3784259875144,208.3980243468532,411.9634481524252,361.7647275161268,99.412213740458,103.99923664122136,102.86106870229008
741,01K,May,2019,318.2682542409147,33.0572,4315.126507992207,264.7884697512452,208.71436860599573,417.7473097320397,362.4512392763185,99.412213740458,103.99923664122136,102.86106870229008
742,01K,Jun,2019,315.61626992378564,33.0572,4073.8175042048324,265.63760434157524,215.55323199772235,400.41779144263086,334.5396325690986,99.412213740458,103.99923664122136,102.86106870229008
743,01K,Jul,2019,336.68146353370884,33.0572,4645.614268601091,278.8366523118522,232.538005016554,406.17468291738066,324.93827523727555,99.412213740458,103.99923664122136,102.86106870229008
744,01K,Aug,2019,320.64901288924653,33.0572,4140.550318841281,268.83018390423763,222.3171717491257,409.3007632539676,334.91966586491895,99.412213740458,103.99923664122136,102.86106870229008
745,01K,Sep,2019,305.4302392511761,33.0572,4617.118207228682,262.91537874316424,217.37221148779204,391.5078495264294,308.65078372672906,99.412213740458,103.99923664122136,102.86106870229008
746,01K,Oct,2019,306.3945971846776,33.0572,5289.407451326791,280.2893384492305,234.42566451025334,421.0695362858242,321.25072635396054,99.412213740458,103.99923664122136,102.86106870229008
747,01K,Nov,2019,308.41372160794634,33.0572,4709.322023643866,292.63717061694626,247.54562641574464,494.33014840913154,347.2915885146582,99.412213740458,103.99923664122136,102.86106870229008
748,01K,Dec,2019,298.1071461936491,33.0572,4107.849424633665,305.3554585618158,256.0910838370561,552.3624585947595,395.1439100277301,99.412213740458,103.99923664122136,102.86106870229008
749,01V,Jan,2019,1029.758687838313,11.6159,4726.452534887525,277.95629953805417,224.59818035452204,438.21026384118034,347.01698381058156,97.4,96.3,104.2
750,01V,Feb,2019,994.8443437904796,11.6159,4220.852452242185,248.2365888765034,199.43840569153275,393.3565276235169,319.67174930551977,97.4,96.3,104.2
751,01V,Mar,2019,1104.7344536805897,11.6159,4562.19492247695,260.5323907384391,208.90792134349746,400.9620971953542,350.2705591883469,97.4,96.3,104.2
752,01V,Apr,2019,1047.8592445805562,11.6159,4067.8724851281436,262.3784259875144,208.3980243468532,411.9634481524252,361.76472751612687,97.4,96.3,104.2
753,01V,May,2019,1059.1828156230968,11.6159,4357.303351440698,264.7884697512452,208.71436860599576,417.7473097320397,362.4512392763185,97.4,96.3,104.2
754,01V,Jun,2019,1011.57234646696,11.6159,4085.6928864745737,265.63760434157524,215.55323199772232,400.41779144263086,334.53963256909856,97.4,96.3,104.2
755,01V,Jul,2019,1088.7785126661006,11.6159,4680.739331433639,278.8366523118522,232.53800501655397,406.1746829173807,324.9382752372756,97.4,96.3,104.2
756,01V,Aug,2019,1036.7072427962355,11.6159,4107.817732590674,268.83018390423763,222.31717174912572,409.30076325396766,334.91966586491895,97.4,96.3,104.2
757,01V,Sep,2019,1061.2416467217404,11.6159,4656.978796305065,262.9153787431643,217.37221148779204,391.5078495264294,308.65078372672906,97.4,96.3,104.2
758,01V,Oct,2019,1080.3716190133052,11.6159,5379.006361969369,280.2893384492305,234.4256645102533,421.0695362858242,321.25072635396054,97.4,96.3,104.2
759,01V,Nov,2019,1102.5898379528355,11.6159,4678.931464630377,292.63717061694626,247.54562641574464,494.33014840913154,347.2915885146582,97.4,96.3,104.2
760,01V,Dec,2019,1101.8177762908442,11.6159,4085.4346197883933,305.35545856181574,256.0910838370561,552.3624585947595,395.14391002773016,97.4,96.3,104.2
761,01W,Jan,2019,285.5874771683652,29.1775,4214.000514094765,277.95629953805417,224.59818035452204,438.2102638411804,347.01698381058156,97.5,103.4,103.8
762,01W,Feb,2019,262.1669141871938,29.1775,3957.775683317625,248.23658887650336,199.4384056915327,393.3565276235169,319.67174930551977,97.5,103.4,103.8
763,01W,Mar,2019,296.2052542633277,29.1775,4201.4566018336045,260.53239073843906,208.90792134349743,400.96209719535426,350.27055918834697,97.5,103.4,103.8
764,01W,Apr,2019,289.8550724637681,29.1775,4039.208294062206,262.3784259875144,208.3980243468532,411.9634481524252,361.76472751612687,97.5,103.4,103.8
765,01W,May,2019,297.63916628258306,29.1775,4123.040013709194,264.7884697512452,208.71436860599573,417.7473097320397,362.4512392763185,97.5,103.4,103.8
766,01W,Jun,2019,292.9960226011847,29.1775,3810.470396709794,265.6376043415752,215.55323199772232,400.4177914426309,334.5396325690986,97.5,103.4,103.8
767,01W,Jul,2019,308.90561786244683,29.1775,4384.26870019707,278.83665231185216,232.53800501655397,406.1746829173807,324.9382752372756,97.5,103.4,103.8
768,01W,Aug,2019,281.42230416005185,29.1775,3799.1260388998376,268.8301839042376,222.3171717491257,409.30076325396766,334.919665864919,97.5,103.4,103.8
769,01W,Sep,2019,293.1667264130008,29.1775,4444.5891526004625,262.91537874316424,217.37221148779201,391.5078495264295,308.65078372672906,97.5,103.4,103.8
770,01W,Oct,2019,303.0675474983356,29.1775,5163.087995887242,280.2893384492305,234.4256645102533,421.06953628582426,321.25072635396054,97.5,103.4,103.8
771,01W,Nov,2019,303.6137996961472,29.1775,4534.247279581869,292.63717061694626,247.5456264157446,494.3301484091316,347.2915885146582,97.5,103.4,103.8
772,01W,Dec,2019,278.86174698281013,29.1775,4001.0624625139235,305.3554585618158,256.0910838370561,552.3624585947595,395.1439100277301,97.5,103.4,103.8
773,01Y,Jan,2019,496.2146275408928,25.8613,4605.220928568943,277.9562995380541,224.59818035452204,438.21026384118034,347.0169838105815,95.80875,99.04375,101.81375
774,01Y,Feb,2019,434.0098788988567,25.8613,4159.0716630641155,248.2365888765034,199.43840569153272,393.35652762351685,319.67174930551977,95.80875,99.04375,101.81375
775,01Y,Mar,2019,502.4466431747888,25.8613,4272.407032902445,260.5323907384391,208.90792134349743,400.96209719535426,350.27055918834685,95.80875,99.04375,101.81375
776,01Y,Apr,2019,472.4021727422408,25.8613,4005.676435446014,262.3784259875144,208.39802434685316,411.96344815242514,361.76472751612687,95.80875,99.04375,101.81375
777,01Y,May,2019,435.0100789388647,25.8613,3922.8113049227995,264.7884697512452,208.71436860599573,417.7473097320397,362.4512392763185,95.80875,99.04375,101.81375
778,01Y,Jun,2019,404.96560850631664,25.8613,3616.987545096341,265.63760434157524,215.55323199772235,400.41779144263086,334.5396325690986,95.80875,99.04375,101.81375
779,01Y,Jul,2019,472.7868650653208,25.8613,4202.031607073117,278.83665231185216,232.53800501655397,406.1746829173807,324.93827523727555,95.80875,99.04375,101.81375
780,01Y,Aug,2019,400.9263391139766,25.8613,3597.6536369014707,268.83018390423763,222.3171717491257,409.30076325396766,334.91966586491895,95.80875,99.04375,101.81375
781,01Y,Sep,2019,414.4290396540847,25.8613,3923.081979637528,262.9153787431643,217.37221148779201,391.5078495264294,308.65078372672906,95.80875,99.04375,101.81375
782,01Y,Oct,2019,430.7784633849847,25.8613,4731.3166778158875,280.2893384492305,234.42566451025334,421.06953628582426,321.25072635396054,95.80875,99.04375,101.81375
783,01Y,Nov,2019,432.5095788388447,25.8613,4148.322010107767,292.63717061694626,247.5456264157446,494.3301484091315,347.2915885146582,95.80875,99.04375,101.81375
784,01Y,Dec,2019,416.9295397541047,25.8613,3728.5828631971326,305.35545856181574,256.0910838370561,552.3624585947593,395.14391002773016,95.80875,99.04375,101.81375
785,02E,Jan,2019,535.3598777111578,20.9547,4305.621173292865,277.95629953805417,224.59818035452204,438.21026384118034,347.01698381058156,98.7,103.0,102.1
786,02E,Feb,2019,494.16574792559584,20.9547,3777.625067407312,248.2365888765034,199.43840569153272,393.3565276235169,319.67174930551977,98.7,103.0,102.1
787,02E,Mar,2019,540.6102535419917,20.9547,3979.4890883668104,260.5323907384391,208.9079213434974,400.96209719535426,350.2705591883469,98.7,103.0,102.1
788,02E,Apr,2019,511.9482845039709,20.9547,3662.471903677934,262.37842598751445,208.3980243468532,411.96344815242514,361.76472751612687,98.7,103.0,102.1
789,02E,May,2019,560.5589024882103,20.9547,3850.8783232401324,264.7884697512452,208.71436860599573,417.7473097320397,362.45123927631846,98.7,103.0,102.1
790,02E,Jun,2019,534.1144464819675,20.9547,3599.5265978515563,265.63760434157524,215.55323199772235,400.41779144263086,334.5396325690986,98.7,103.0,102.1
791,02E,Jul,2019,577.5452901231521,20.9547,4115.353596090615,278.83665231185216,232.53800501655397,406.1746829173807,324.9382752372756,98.7,103.0,102.1
792,02E,Aug,2019,533.3757894578496,20.9547,3524.8894042863894,268.83018390423763,222.3171717491257,409.30076325396766,334.919665864919,98.7,103.0,102.1
793,02E,Sep,2019,540.8908820705965,20.9547,4169.422611633667,262.91537874316424,217.37221148779204,391.5078495264294,308.65078372672906,98.7,103.0,102.1
794,02E,Oct,2019,542.3576338332738,20.9547,4898.041966718684,280.2893384492305,234.4256645102533,421.06953628582426,321.2507263539605,98.7,103.0,102.1
795,02E,Nov,2019,532.5904912908989,20.9547,4394.193188163038,292.6371706169462,247.54562641574464,494.33014840913154,347.2915885146582,98.7,103.0,102.1
796,02E,Dec,2019,492.24311258744495,20.9547,3948.3266283936305,305.35545856181574,256.0910838370561,552.3624585947593,395.1439100277301,98.7,103.0,102.1
797,02H,Jan,2019,355.2867084485213,32.6088,3620.3417482397385,277.95629953805417,224.59818035452204,438.21026384118034,347.0169838105815,92.7,97.4,102.9
798,02H,Feb,2019,328.1309326422144,32.6088,3270.1602021540198,248.2365888765034,199.43840569153275,393.35652762351685,319.67174930551977,92.7,97.4,102.9
799,02H,Mar,2019,360.4019243554047,32.6088,3429.0743602953803,260.5323907384391,208.90792134349743,400.9620971953542,350.2705591883469,92.7,97.4,102.9
800,02H,Apr,2019,449.4085273026728,32.6088,3122.224675547705,262.37842598751445,208.3980243468532,411.96344815242514,361.7647275161268,92.7,97.4,102.9
801,02H,May,2019,379.3518286687878,32.6088,3454.1596133559037,264.7884697512452,208.71436860599576,417.74730973203964,362.4512392763185,92.7,97.4,102.9
802,02H,Jun,2019,376.14578053531847,32.6088,3579.1565466990505,265.63760434157524,215.55323199772235,400.41779144263086,334.53963256909856,92.7,97.4,102.9
803,02H,Jul,2019,395.1377990021557,32.6088,3955.220676627168,278.8366523118522,232.538005016554,406.1746829173807,324.93827523727555,92.7,97.4,102.9
804,02H,Aug,2019,374.8328274901834,32.6088,3465.2915777336175,268.83018390423763,222.3171717491257,409.3007632539676,334.91966586491895,92.7,97.4,102.9
805,02H,Sep,2019,373.4282730698064,32.6088,4106.805524888987,262.9153787431643,217.37221148779204,391.50784952642937,308.65078372672906,92.7,97.4,102.9
806,02H,Oct,2019,376.481652244539,32.6088,4693.70231348593,280.2893384492305,234.4256645102533,421.06953628582414,321.2507263539605,92.7,97.4,102.9
807,02H,Nov,2019,375.22976678289865,32.6088,4146.825396825397,292.63717061694626,247.54562641574464,494.3301484091315,347.2915885146582,92.7,97.4,102.9
808,02H,Dec,2019,371.90158348244006,32.6088,3553.2432962881185,305.3554585618158,256.0910838370561,552.3624585947593,395.1439100277301,92.7,97.4,102.9
809,02P,Jan,2019,358.7883302698808,24.5199,5169.678506029796,202.37141890232726,148.96160074365923,498.14625255716567,435.7563804538437,94.6,98.4,101.4
810,02P,Feb,2019,318.8689786961838,24.5199,4629.545797495096,186.2857678965732,136.4252757967555,435.70819596991004,380.59719247081307,94.6,98.4,101.4
811,02P,Mar,2019,348.66679082421723,24.5199,4836.47975725839,199.50658863095578,145.37398121418067,463.25767465896683,419.8434546347602,94.6,98.4,101.4
812,02P,Apr,2019,353.28221281143976,24.5199,4662.580189968148,223.2892272329761,145.8239294940619,428.86901078157945,396.98594006874123,94.6,98.4,101.4
813,02P,May,2019,349.2335970331744,24.5199,4676.324128564962,227.98496406875788,148.3776253165793,426.7970779724331,393.64012996559933,94.6,98.4,101.4
814,02P,Jun,2019,340.4481007943384,24.5199,4565.108340572351,222.14042311413036,144.03131640027974,396.5763719553053,362.1515697149677,94.6,98.4,101.4
815,02P,Jul,2019,371.58195612919945,24.5199,5224.613477216465,237.75697910468912,158.9322631584742,409.95660083762704,365.18719220278683,94.6,98.4,101.4
816,02P,Aug,2019,352.9988097069612,24.5199,4497.775276408142,226.49151871425846,149.71789678856598,405.9964385643313,365.6660255118773,94.6,98.4,101.4
817,02P,Sep,2019,340.9744208455129,24.5199,5124.368370180955,221.9417757352466,147.76014310269974,381.332005850801,348.00340061995365,94.6,98.4,101.4
818,02P,Oct,2019,360.164859634491,24.5199,5899.5346636813365,241.08611770742738,159.48273179875443,413.86556709674335,367.957800028971,94.6,98.4,101.4
819,02P,Nov,2019,363.28229378375534,24.5199,5171.554533256661,244.12805528045422,140.18282260214667,472.42176119709535,399.30180682780167,94.6,98.4,101.4
820,02P,Dec,2019,372.5536239159831,24.5199,4609.235763604256,263.46147126386165,141.36274016587774,527.945344339874,483.05848602544563,94.6,98.4,101.4
821,02X,Jan,2019,478.77877461076,31.0542,5327.137714061222,202.37141890232724,148.9616007436592,498.14625255716567,435.7563804538437,90.2,95.1,97.5
822,02X,Feb,2019,428.7805362399147,31.0542,4737.813242653167,186.2857678965732,136.4252757967555,435.70819596991004,380.597192470813,90.2,95.1,97.5
823,02X,Mar,2019,482.59029950898594,31.0542,4845.238325250691,199.5065886309558,145.37398121418067,463.25767465896683,419.8434546347601,90.2,95.1,97.5
824,02X,Apr,2019,484.7683137365436,31.0542,4605.818214605431,223.28922723297603,145.8239294940619,428.8690107815795,396.98594006874123,90.2,95.1,97.5
825,02X,May,2019,499.9183244664666,31.0542,4725.801984916694,227.98496406875788,148.37762531657933,426.7970779724331,393.6401299655993,90.2,95.1,97.5
826,02X,Jun,2019,491.65468225014496,31.0542,4429.738972506134,222.14042311413036,144.03131640027976,396.5763719553053,362.1515697149677,90.2,95.1,97.5
827,02X,Jul,2019,540.6279727491984,31.0542,5056.707305292038,237.75697910468912,158.9322631584742,409.95660083762704,365.1871922027869,90.2,95.1,97.5
828,02X,Aug,2019,505.5235081403282,31.0542,4413.960108455539,226.49151871425846,149.71789678856595,405.9964385643313,365.66602551187736,90.2,95.1,97.5
829,02X,Sep,2019,490.1813196844442,31.0542,5046.402741014098,221.9417757352466,147.76014310269974,381.332005850801,348.00340061995365,90.2,95.1,97.5
830,02X,Oct,2019,490.1492900634507,31.0542,5750.075674143915,241.08611770742738,159.48273179875443,413.86556709674335,367.95780002897095,90.2,95.1,97.5
831,02X,Nov,2019,494.9537332124749,31.0542,5051.26520728275,244.12805528045422,140.18282260214664,472.42176119709535,399.3018068278016,90.2,95.1,97.5
832,02X,Dec,2019,520.6094596282642,31.0542,4567.240502089894,263.46147126386165,141.36274016587777,527.9453443398742,483.0584860254457,90.2,95.1,97.5
833,03F,Jan,2019,747.9094924174809,26.0645,4746.379174739589,202.37141890232726,148.96160074365923,498.14625255716555,435.75638045384363,88.6,91.9,94.8
834,03F,Feb,2019,697.3849023791374,26.0645,4240.979109516776,186.2857678965732,136.4252757967555,435.70819596991,380.597192470813,88.6,91.9,94.8
835,03F,Mar,2019,757.3325774435859,26.0645,4614.015231445069,199.50658863095578,145.37398121418065,463.2576746589668,419.8434546347601,88.6,91.9,94.8
836,03F,Apr,2019,753.2339185094671,26.0645,4186.575610504709,223.28922723297606,145.8239294940619,428.86901078157945,396.9859400687412,88.6,91.9,94.8
837,03F,May,2019,796.32729515324,26.0645,4281.839283316388,227.98496406875788,148.37762531657933,426.79707797243304,393.6401299655993,88.6,91.9,94.8
838,03F,Jun,2019,779.5113019562477,26.0645,4126.302058355234,222.14042311413039,144.03131640027976,396.57637195530526,362.15156971496765,88.6,91.9,94.8
839,03F,Jul,2019,844.5152665468989,26.0645,4641.4088127529785,237.75697910468912,158.9322631584742,409.95660083762704,365.1871922027868,88.6,91.9,94.8
840,03F,Aug,2019,793.2628772585717,26.0645,4025.5519960098986,226.49151871425846,149.71789678856598,405.99643856433124,365.66602551187736,88.6,91.9,94.8
841,03F,Sep,2019,792.4967727849046,26.0645,4544.763950967792,221.94177573524664,147.76014310269974,381.33200585080095,348.0034006199536,88.6,91.9,94.8
842,03F,Oct,2019,794.0289817322388,26.0645,5203.130695006618,241.0861177074274,159.48273179875443,413.8655670967433,367.9578000289709,88.6,91.9,94.8
843,03F,Nov,2019,774.4167072063617,26.0645,4591.686009706689,244.12805528045422,140.18282260214664,472.4217611970953,399.30180682780156,88.6,91.9,94.8
844,03F,Dec,2019,791.4242265217707,26.0645,4172.84045349038,263.46147126386165,141.36274016587777,527.945344339874,483.0584860254456,88.6,91.9,94.8
845,03H,Jan,2019,848.996435940724,15.9821,6221.835678665507,272.53257861913755,216.4167693297014,498.14625255716567,435.75638045384363,96.5,98.1,97.1
846,03H,Feb,2019,772.1503157631464,15.9821,5553.087516659262,237.9109226985501,189.82362705085433,435.70819596991004,380.59719247081307,96.5,98.1,97.1
847,03H,Mar,2019,880.1350590883511,15.9821,5844.350867533052,255.77533806984715,204.25580047393066,463.25767465896683,419.8434546347601,96.5,98.1,97.1
848,03H,Apr,2019,862.0646532858125,15.9821,5614.593826843781,243.7191019675095,195.07223418004276,428.86901078157945,396.98594006874123,96.5,98.1,97.1
849,03H,May,2019,908.147314450072,15.9821,5698.687907096063,250.46688365298266,200.33281076676644,426.7970779724331,393.64012996559933,96.5,98.1,97.1
850,03H,Jun,2019,877.133746013881,15.9821,5365.7529360972585,251.42444025579928,200.2879253010094,396.57637195530526,362.15156971496776,96.5,98.1,97.1
851,03H,Jul,2019,950.0406427812168,15.9821,6048.454208145362,274.4057987233975,223.4099248946463,409.95660083762704,365.18719220278683,96.5,98.1,97.1
852,03H,Aug,2019,893.3908585005939,15.9821,5314.132685942398,264.03725613352407,214.6602514364097,405.9964385643313,365.6660255118773,96.5,98.1,97.1
853,03H,Sep,2019,873.194522603639,15.9821,5729.910337189731,254.07567509984773,206.16792131518005,381.332005850801,348.00340061995365,96.5,98.1,97.1
854,03H,Oct,2019,892.7030575876946,15.9821,6699.995620099987,277.26649907431204,224.38543568376573,413.8655670967433,367.95780002897095,96.5,98.1,97.1
855,03H,Nov,2019,876.1958356781091,15.9821,5679.416347038249,284.54093689133435,228.43111233066583,472.42176119709535,399.3018068278016,96.5,98.1,97.1
856,03H,Dec,2019,914.4000500218846,15.9821,5062.413575187241,316.12534296236294,247.7528091568744,527.945344339874,483.0584860254457,96.5,98.1,97.1
857,03L,Jan,2019,343.23419934579084,26.4671,5272.697046521908,202.37141890232724,148.9616007436592,498.1462525571656,435.7563804538437,94.7,95.8,100.1
858,03L,Feb,2019,297.21397150054514,26.4671,4701.686244431767,186.2857678965732,136.4252757967555,435.70819596991,380.597192470813,94.7,95.8,100.1
859,03L,Mar,2019,323.34473812836035,26.4671,4964.351969048366,199.5065886309558,145.37398121418067,463.25767465896683,419.8434546347601,94.7,95.8,100.1
860,03L,Apr,2019,329.58604353874495,26.4671,4603.564425267597,223.2892272329761,145.8239294940619,428.86901078157945,396.98594006874123,94.7,95.8,100.1
861,03L,May,2019,319.5473173666203,26.4671,4733.763804874731,227.98496406875788,148.37762531657933,426.79707797243304,393.6401299655993,94.7,95.8,100.1
862,03L,Jun,2019,318.26897770425234,26.4671,4559.92534127275,222.14042311413036,144.03131640027976,396.57637195530526,362.15156971496776,94.7,95.8,100.1
863,03L,Jul,2019,336.240929428131,26.4671,5035.005724087641,237.7569791046891,158.9322631584742,409.95660083762704,365.1871922027868,94.7,95.8,100.1
864,03L,Aug,2019,320.3368800992593,26.4671,4466.261887399829,226.49151871425843,149.71789678856595,405.99643856433124,365.66602551187736,94.7,95.8,100.1
865,03L,Sep,2019,320.9384517050795,26.4671,4998.469798353428,221.94177573524664,147.76014310269974,381.332005850801,348.00340061995365,94.7,95.8,100.1
866,03L,Oct,2019,317.216227394067,26.4671,5790.774206467652,241.08611770742738,159.4827317987544,413.86556709674335,367.95780002897095,94.7,95.8,100.1
867,03L,Nov,2019,325.3750422980035,26.4671,5141.553097997136,244.12805528045422,140.18282260214664,472.4217611970953,399.3018068278016,94.7,95.8,100.1
868,03L,Dec,2019,320.6752641275332,26.4671,4595.970091169792,263.46147126386165,141.36274016587777,527.945344339874,483.05848602544563,94.7,95.8,100.1
869,03N,Jan,2019,419.4651184599777,58.2506,5278.726742728831,202.37141890232726,148.9616007436592,498.1462525571656,435.75638045384363,94.2,99.0,99.2
870,03N,Feb,2019,395.150771119466,58.2506,4778.646056864651,186.2857678965732,136.4252757967555,435.70819596991004,380.597192470813,94.2,99.0,99.2
871,03N,Mar,2019,425.7056872724793,58.2506,5028.360222898992,199.5065886309558,145.37398121418065,463.2576746589668,419.8434546347601,94.2,99.0,99.2
872,03N,Apr,2019,409.166474845904,58.2506,4667.7287444249505,223.28922723297603,145.82392949406187,428.86901078157945,396.98594006874123,94.2,99.0,99.2
873,03N,May,2019,431.3835818477881,58.2506,4791.418457492284,227.98496406875788,148.3776253165793,426.79707797243304,393.6401299655993,94.2,99.0,99.2
874,03N,Jun,2019,403.4885802705952,58.2506,4522.459854490769,222.14042311413033,144.03131640027974,396.5763719553053,362.1515697149677,94.2,99.0,99.2
875,03N,Jul,2019,429.3204429780813,58.2506,5136.221772822941,237.7569791046891,158.93226315847417,409.956600837627,365.18719220278683,94.2,99.0,99.2
876,03N,Aug,2019,398.95308490413225,58.2506,4404.795830429214,226.49151871425843,149.71789678856595,405.99643856433124,365.6660255118773,94.2,99.0,99.2
877,03N,Sep,2019,403.9148486321049,58.2506,5012.841069448212,221.9417757352466,147.76014310269974,381.33200585080095,348.0034006199536,94.2,99.0,99.2
878,03N,Oct,2019,438.3743829765467,58.2506,5886.445804850079,241.08611770742738,159.4827317987544,413.86556709674335,367.95780002897095,94.2,99.0,99.2
879,03N,Nov,2019,441.7674791341637,58.2506,5251.3107161127955,244.1280552804542,140.18282260214664,472.4217611970953,399.30180682780156,94.2,99.0,99.2
880,03N,Dec,2019,427.25730410837446,58.2506,4679.625617590205,263.46147126386165,141.36274016587777,527.945344339874,483.05848602544563,94.2,99.0,99.2
881,03Q,Jan,2019,461.0711859950483,36.2955,4304.886280668403,202.37141890232724,148.9616007436592,498.1462525571656,435.75638045384363,103.3021052631579,108.3663157894737,100.18526315789477
882,03Q,Feb,2019,431.341885585329,36.2955,3918.6951550467693,186.28576789657316,136.4252757967555,435.70819596991,380.597192470813,103.3021052631579,108.3663157894737,100.18526315789477
883,03Q,Mar,2019,486.78819482482857,36.2955,4078.163959719525,199.50658863095578,145.37398121418065,463.25767465896683,419.8434546347601,103.3021052631579,108.3663157894737,100.18526315789477
884,03Q,Apr,2019,502.48132161872,36.2955,3785.427945613093,223.28922723297606,145.8239294940619,428.86901078157945,396.9859400687412,103.3021052631579,108.3663157894737,100.18526315789477
885,03Q,May,2019,509.383010889332,36.2955,3952.1703792481167,227.98496406875785,148.37762531657933,426.79707797243304,393.6401299655993,103.3021052631579,108.3663157894737,100.18526315789477
886,03Q,Jun,2019,508.5476873863413,36.2955,3741.951481588627,222.14042311413033,144.03131640027974,396.57637195530526,362.15156971496765,103.3021052631579,108.3663157894737,100.18526315789477
887,03Q,Jul,2019,561.6112705681295,36.2955,4108.55340193688,237.75697910468907,158.93226315847417,409.956600837627,365.18719220278683,103.3021052631579,108.3663157894737,100.18526315789477
888,03Q,Aug,2019,550.3275563637957,36.2955,3594.6053918529847,226.49151871425846,149.71789678856595,405.99643856433124,365.6660255118773,103.3021052631579,108.3663157894737,100.18526315789477
889,03Q,Sep,2019,516.6544335137268,36.2955,4046.2867297598877,221.9417757352466,147.76014310269974,381.33200585080095,348.0034006199536,103.3021052631579,108.3663157894737,100.18526315789477
890,03Q,Oct,2019,523.5972042680924,36.2955,4698.351035252304,241.08611770742735,159.4827317987544,413.8655670967433,367.9578000289709,103.3021052631579,108.3663157894737,100.18526315789477
891,03Q,Nov,2019,496.38756819526304,36.2955,4162.416828532463,244.12805528045422,140.18282260214664,472.42176119709535,399.3018068278016,103.3021052631579,108.3663157894737,100.18526315789477
892,03Q,Dec,2019,498.0582152012445,36.2955,3753.550715653456,263.46147126386165,141.36274016587777,527.945344339874,483.05848602544563,103.3021052631579,108.3663157894737,100.18526315789477
893,03R,Jan,2019,617.745465378754,34.5038,6105.269564511736,202.37141890232726,148.96160074365923,498.1462525571656,435.75638045384363,92.1,97.2,98.3
894,03R,Feb,2019,567.0997903131553,34.5038,5490.612628174288,186.2857678965732,136.4252757967555,435.70819596991,380.597192470813,92.1,97.2,98.3
895,03R,Mar,2019,630.5501128642306,34.5038,5682.4755534173055,199.5065886309558,145.37398121418067,463.2576746589668,419.8434546347601,92.1,97.2,98.3
896,03R,Apr,2019,639.0292530335843,34.5038,5308.139972988482,223.2892272329761,145.8239294940619,428.86901078157945,396.98594006874123,92.1,97.2,98.3
897,03R,May,2019,639.8886253480458,34.5038,5535.41928715098,227.98496406875788,148.37762531657933,426.7970779724331,393.64012996559933,92.1,97.2,98.3
898,03R,Jun,2019,627.8287672017692,34.5038,5158.9679977277865,222.14042311413039,144.03131640027974,396.57637195530526,362.1515697149677,92.1,97.2,98.3
899,03R,Jul,2019,683.5733846665063,34.5038,5783.1890980123935,237.75697910468915,158.9322631584742,409.95660083762704,365.18719220278683,92.1,97.2,98.3
900,03R,Aug,2019,634.6178084860152,34.5038,5070.8617601539545,226.4915187142585,149.71789678856598,405.9964385643313,365.6660255118773,92.1,97.2,98.3
901,03R,Sep,2019,634.1308308411536,34.5038,5638.944116300234,221.94177573524664,147.76014310269977,381.33200585080095,348.00340061995365,92.1,97.2,98.3
902,03R,Oct,2019,644.6151730775841,34.5038,6645.702792156227,241.08611770742738,159.48273179875446,413.8655670967433,367.95780002897095,92.1,97.2,98.3
903,03R,Nov,2019,631.6386511292153,34.5038,5961.807105304343,244.12805528045422,140.18282260214667,472.4217611970953,399.3018068278016,92.1,97.2,98.3
904,03R,Dec,2019,650.1724473777687,34.5038,5354.946411699581,263.46147126386165,141.36274016587777,527.945344339874,483.0584860254457,92.1,97.2,98.3
905,04C,Jan,2019,852.9245920309962,35.5218,5165.504000360343,272.53257861913755,216.4167693297014,920.4488511280397,765.0231688709468,92.6,91.6,96.7
906,04C,Feb,2019,789.6705542125626,35.5218,4806.935459351722,237.9109226985501,189.82362705085433,830.5040848155218,686.0575759111307,92.6,91.6,96.7
907,04C,Mar,2019,894.6287105220553,35.5218,5024.801671086488,255.77533806984718,204.2558004739307,875.5468472881442,754.9166990411522,92.6,91.6,96.7
908,04C,Apr,2019,869.3661755592651,35.5218,4687.318773260365,243.71910196750952,195.0722341800428,913.3546160386016,778.5923010658244,92.6,91.6,96.7
909,04C,May,2019,893.2329903583651,35.5218,4868.475133579943,250.46688365298272,200.33281076676644,909.0192501506118,772.2300108665664,92.6,91.6,96.7
910,04C,Jun,2019,837.6274990369532,35.5218,4669.892854528768,251.42444025579928,200.2879253010094,833.3192574700606,697.2338113496501,92.6,91.6,96.7
911,04C,Jul,2019,887.3988800741407,35.5218,5043.635176145353,274.4057987233975,223.40992489464634,889.0033725768402,731.888586727024,92.6,91.6,96.7
912,04C,Aug,2019,897.196835623245,35.5218,4554.780444684673,264.03725613352407,214.6602514364097,909.0192501506118,756.6058026338756,92.6,91.6,96.7
913,04C,Sep,2019,889.2970594967592,35.5218,5148.303295441109,254.07567509984773,206.16792131518005,838.555478607503,685.1004172085874,92.6,91.6,96.7
914,04C,Oct,2019,882.4580306946779,35.5218,5666.238760423177,277.2664990743121,224.38543568376576,872.1967918292429,744.2753464069951,92.6,91.6,96.7
915,04C,Nov,2019,901.4119105175888,35.5218,5213.924970018411,284.54093689133435,228.43111233066583,1036.1242955030432,845.9593826889403,92.6,91.6,96.7
916,04C,Dec,2019,927.7910216113312,35.5218,4605.706918005281,316.12534296236294,247.7528091568744,1272.0639156799486,1051.6077451030071,92.6,91.6,96.7
917,05W,Jan,2019,827.5724290786826,26.4149,4234.390438729656,514.8324947549677,374.36054482073763,1106.4588546615737,1033.621175927223,97.85,99.5,102.1
918,05W,Feb,2019,788.1444736782589,26.4149,3752.503321988726,471.4484885442047,342.7784210012617,1011.7774437911936,906.0416658779704,97.85,99.5,102.1
919,05W,Mar,2019,860.5170113157478,26.4149,3957.690545866159,502.34560173930015,365.5359961890128,1077.4600698847999,996.1044713400391,97.85,99.5,102.1
920,05W,Apr,2019,869.2997203102973,26.4149,3683.7542447633723,497.5818677240007,363.15860637498645,1119.671094723054,1041.3062324672817,97.85,99.5,102.1
921,05W,May,2019,875.7830934736556,26.4149,3758.9012262018787,493.194217973067,360.5215393308028,1022.7560959912777,953.1741554955726,97.85,99.5,102.1
922,05W,Jun,2019,847.9648993192459,26.4149,3625.6052455243066,504.5573353892607,369.605765192685,973.9957372543527,887.1508126095499,97.85,99.5,102.1
923,05W,Jul,2019,908.4638175005842,26.4149,4010.123074476905,535.0112064156394,395.1660635886856,1033.6590333486024,929.0589780767673,97.85,99.5,102.1
924,05W,Aug,2019,867.8673471695553,26.4149,3432.570253909725,499.0280012643595,367.40746312359477,1035.4004747320641,943.4069407796358,97.85,99.5,102.1
925,05W,Sep,2019,856.4083620436196,26.4149,4040.4090115805852,507.2839463059123,372.79352705254706,957.7549034825042,895.1765859420252,97.85,99.5,102.1
926,05W,Oct,2019,879.5524964756082,26.4149,4709.311789936741,541.4762740078315,395.57348820841514,1019.6517874381504,963.6606612177219,97.85,99.5,102.1
927,05W,Nov,2019,884.0757800779513,26.4149,4186.538658105842,546.3922326063266,398.12101138013077,1148.3291627074113,1070.3428746654351,97.85,99.5,102.1
928,05W,Dec,2019,882.9449591773655,26.4149,3644.4582413713474,582.9395641541552,425.9422925559493,1378.6537143808987,1230.7447690508009,97.85,99.5,102.1
929,06H,Jan,2019,349.5267758195403,88.9112,5506.325412321507,242.94373840491286,150.84002720539522,313.5600464283465,253.11771745291932,100.99606837606838,104.34017094017094,99.6842735042735
930,06H,Feb,2019,332.0134594072856,88.9112,5104.666228776578,217.0875896879647,139.06498539969775,299.9284679545434,242.3766634574722,100.99606837606838,104.34017094017094,99.6842735042735
931,06H,Mar,2019,365.143620634183,88.9112,5252.296673534943,234.61015704832485,151.80125510790114,288.9174817120903,236.77556933209766,100.99606837606838,104.34017094017094,99.6842735042735
932,06H,Apr,2019,356.3409359024774,88.9112,4851.301073430569,229.8172454427105,148.79852023814644,291.8192533674048,239.75607122612226,100.99606837606838,104.34017094017094,99.6842735042735
933,06H,May,2019,366.7277374611232,88.9112,4999.268933497692,233.88041751683528,150.8995527865137,306.06942657392995,248.8550373856162,100.99606837606838,104.34017094017094,99.6842735042735
934,06H,Jun,2019,365.60656704679513,88.9112,4704.896570960689,231.62065008548535,151.39780394698698,295.38460846327575,238.82255553855984,100.99606837606838,104.34017094017094,99.6842735042735
935,06H,Jul,2019,397.5878525721232,88.9112,5297.724021270661,253.77518951732472,167.29333875677517,302.1891505232187,237.74282655053582,100.99606837606838,104.34017094017094,99.6842735042735
936,06H,Aug,2019,374.94637686340405,88.9112,4592.053644535222,229.6011896297619,149.77738534987265,293.8549923969084,234.45865087862947,100.99606837606838,104.34017094017094,99.6842735042735
937,06H,Sep,2019,369.9746183820112,88.9112,5135.640954120516,228.70830591298463,149.97359930244838,266.5018580336336,213.0552731264453,100.99606837606838,104.34017094017094,99.6842735042735
938,06H,Oct,2019,369.5921066742931,88.9112,6078.221866311556,245.4768825791773,164.75137597790058,276.32064351847686,217.66661567946446,100.99606837606838,104.34017094017094,99.6842735042735
939,06H,Nov,2019,364.2369427662389,88.9112,5411.646676684152,246.18016629683643,163.45063179790404,322.6927541187162,258.06647531469605,100.99606837606838,104.34017094017094,99.6842735042735
940,06H,Dec,2019,367.41902906374,88.9112,4748.2769324899455,264.3663336541101,174.22476198034997,390.1758158702166,309.06117564491313,100.99606837606838,104.34017094017094,99.6842735042735
941,06K,Jan,2019,268.85304414921814,56.9078,4085.7843740225417,242.94373840491284,150.84002720539522,278.9444583721114,259.65273174970037,105.69147869674184,106.85112781954888,98.962656641604
942,06K,Feb,2019,252.4237191162808,56.9078,3691.743486833088,217.08758968796468,139.06498539969772,265.7398853657615,244.1214752032199,105.69147869674184,106.85112781954888,98.962656641604
943,06K,Mar,2019,282.307943989824,56.9078,3887.2351417556115,234.61015704832482,151.80125510790114,273.15779894019994,257.53210136441527,105.69147869674184,106.85112781954888,98.962656641604
944,06K,Apr,2019,269.7978615632529,56.9078,3578.1386734331672,229.81724544271046,148.7985202381464,272.2992441283436,253.14488627582963,105.69147869674184,106.85112781954888,98.962656641604
945,06K,May,2019,286.7170919219861,56.9078,3800.3577716938626,233.88041751683528,150.89955278651368,271.4578604127245,251.5909020663697,105.69147869674184,106.85112781954888,98.962656641604
946,06K,Jun,2019,279.4909883664982,56.9078,3568.192760922053,231.62065008548535,151.39780394698695,259.92746928949435,240.996335688063,105.69147869674184,106.85112781954888,98.962656641604
947,06K,Jul,2019,301.4317483146382,56.9078,3999.6098953043343,253.7751895173247,167.29333875677517,274.29109129185025,250.23438546363676,105.69147869674184,106.85112781954888,98.962656641604
948,06K,Aug,2019,275.15182690944977,56.9078,3524.9649432942406,229.6011896297619,149.77738534987262,254.32110636807272,237.63938637370487,105.69147869674184,106.85112781954888,98.962656641604
949,06K,Sep,2019,284.6524909061324,56.9078,4036.2832511536203,228.7083059129846,149.97359930244835,238.1115915202258,225.69688894078374,105.69147869674184,106.85112781954888,98.962656641604
950,06K,Oct,2019,291.493668848495,56.9078,4641.103679987629,245.47688257917727,164.75137597790058,258.6138804273542,242.39578003138877,105.69147869674184,106.85112781954888,98.962656641604
951,06K,Nov,2019,286.3846561651961,56.9078,4170.447636352134,246.18016629683643,163.450631797904,286.2679309172456,270.3846668979041,105.69147869674184,106.85112781954888,98.962656641604
952,06K,Dec,2019,289.41157121386294,56.9078,3707.5409697791865,264.36633365411006,174.22476198034994,353.02915308719133,313.6901716079358,105.69147869674184,106.85112781954888,98.962656641604
953,06N,Jan,2019,220.10314456984025,59.567,3989.977672201051,242.94373840491284,150.84002720539522,278.9444583721114,259.65273174970037,107.46,105.88,100.16
954,06N,Feb,2019,202.89005726532932,59.567,3538.385347591787,217.0875896879647,139.06498539969772,265.7398853657615,244.12147520321992,107.46,105.88,100.16
955,06N,Mar,2019,235.29017782391747,59.567,3705.222690415834,234.61015704832485,151.80125510790114,273.15779894019994,257.53210136441527,107.46,105.88,100.16
956,06N,Apr,2019,219.8017480995278,59.567,3428.3747712659692,229.8172454427105,148.7985202381464,272.2992441283436,253.1448862758296,107.46,105.88,100.16
957,06N,May,2019,229.4966678945782,59.567,3586.4992361542463,233.88041751683528,150.8995527865137,271.4578604127244,251.5909020663697,107.46,105.88,100.16
958,06N,Jun,2019,226.41572619805095,59.567,3738.831903570769,231.62065008548532,151.39780394698693,259.92746928949435,240.996335688063,107.46,105.88,100.16
959,06N,Jul,2019,243.46137101905492,59.567,4276.495374955932,253.7751895173247,167.29333875677517,274.29109129185025,250.23438546363673,107.46,105.88,100.16
960,06N,Aug,2019,220.4045410401527,59.567,3650.3936743498916,229.6011896297619,149.77738534987262,254.32110636807272,237.63938637370484,107.46,105.88,100.16
961,06N,Sep,2019,231.6901644285188,59.567,4246.663421021706,228.7083059129846,149.97359930244838,238.11159152022583,225.69688894078374,107.46,105.88,100.16
962,06N,Oct,2019,232.4771441010013,59.567,4770.611244481004,245.47688257917727,164.75137597790058,258.6138804273542,242.39578003138874,107.46,105.88,100.16
963,06N,Nov,2019,233.6659857339004,59.567,4323.618782211627,246.18016629683643,163.45063179790404,286.2679309172456,270.3846668979041,107.46,105.88,100.16
964,06N,Dec,2019,240.63159304778807,59.567,3814.22599761613,264.36633365411006,174.22476198034994,353.0291530871914,313.6901716079358,107.46,105.88,100.16
965,06Q,Jan,2019,224.8773224050623,39.3065,4461.552160584128,242.94373840491284,150.84002720539522,647.1796333106295,594.8103306876468,103.5,105.93333333333334,100.4
966,06Q,Feb,2019,209.98662618284965,39.3065,4004.579395265414,217.0875896879647,139.06498539969775,623.7055364812832,558.8954837992243,103.5,105.93333333333334,100.4
967,06Q,Mar,2019,239.26239226998425,39.3065,4189.8922570058385,234.61015704832485,151.80125510790114,614.3054725399979,569.8940798710054,103.5,105.93333333333334,100.4
968,06Q,Apr,2019,229.7818980707826,39.3065,3932.3012733262944,229.81724544271052,148.7985202381464,623.6360350843051,585.5666448895622,103.5,105.93333333333334,100.4
969,06Q,May,2019,236.81010443712407,39.3065,4080.877208604175,233.88041751683528,150.8995527865137,602.0906020211006,560.2681363895414,103.5,105.93333333333334,100.4
970,06Q,Jun,2019,229.0993024884401,39.3065,3843.2065943291823,231.62065008548535,151.39780394698695,572.9000152903072,529.5137682267414,103.5,105.93333333333334,100.4
971,06Q,Jul,2019,247.3776953045008,39.3065,4344.930227824914,253.77518951732466,167.29333875677517,594.8798320846248,536.7940395601951,103.5,105.93333333333334,100.4
972,06Q,Aug,2019,227.65826737016144,39.3065,3774.4902242631624,229.6011896297619,149.77738534987262,581.8483201512349,536.3944065275712,103.5,105.93333333333334,100.4
973,06Q,Sep,2019,239.61633072008772,39.3065,4296.948341877298,228.70830591298463,149.97359930244838,545.0473304513421,498.13388749113847,103.5,105.93333333333334,100.4
974,06Q,Oct,2019,241.6388361492508,39.3065,5167.262412069251,245.4768825791773,164.75137597790058,590.9703785046079,542.4931541123976,103.5,105.93333333333334,100.4
975,06Q,Nov,2019,233.09375071103705,39.3065,4355.081220663249,246.18016629683643,163.45063179790404,656.8055767920935,601.9515992271444,103.5,105.93333333333334,100.4
976,06Q,Dec,2019,233.49825179686965,39.3065,3909.1498861511454,264.36633365411006,174.22476198034994,803.4361490665962,729.1217803477849,103.5,105.93333333333334,100.4
977,06T,Jan,2019,747.0579298577755,33.8326,5105.194398302229,242.94373840491284,150.84002720539522,528.9967206664758,504.8803578987675,94.9,101.15,97.55
978,06T,Feb,2019,685.703934836214,33.8326,4591.93204187677,217.0875896879647,139.06498539969775,489.79226203754286,455.7167021181298,94.9,101.15,97.55
979,06T,Mar,2019,755.9980834180602,33.8326,4925.426955067006,234.61015704832485,151.80125510790114,500.45404805356543,483.697303639586,94.9,101.15,97.55
980,06T,Apr,2019,740.3966389697202,33.8326,4738.683991180104,229.8172454427105,148.7985202381464,511.9940701499852,496.5898092998175,94.9,101.15,97.55
981,06T,May,2019,756.2025967347988,33.8326,4904.027476457618,233.88041751683525,150.8995527865137,511.3441754504912,477.04027415017487,94.9,101.15,97.55
982,06T,Jun,2019,731.193539716486,33.8326,4541.536860897478,231.62065008548535,151.39780394698695,465.4826873321472,434.287741756437,94.9,101.15,97.55
983,06T,Jul,2019,784.8052448900886,33.8326,5138.535022433984,253.7751895173247,167.29333875677517,487.4561540636862,444.6333627835166,94.9,101.15,97.55
984,06T,Aug,2019,747.7883345604132,33.8326,4578.217458900587,229.6011896297619,149.77738534987262,498.57462284151524,468.8551138808726,94.9,101.15,97.55
985,06T,Sep,2019,715.7381762086736,33.8326,5086.1003883828025,228.7083059129846,149.97359930244838,449.83252037946824,422.90580215448875,94.9,101.15,97.55
986,06T,Oct,2019,693.3001437436454,33.8326,5657.383706838966,245.4768825791773,164.75137597790058,483.2581855993874,455.0492426970279,94.9,101.15,97.55
987,06T,Nov,2019,660.8117425703233,33.8326,4996.1575521833975,246.1801662968364,163.45063179790404,516.3325563871475,482.5907261782854,94.9,101.15,97.55
988,06T,Dec,2019,707.6745082915542,33.8326,4493.092461117384,264.36633365411006,174.22476198034994,638.6532776648756,574.2961376933656,94.9,101.15,97.55
989,07H,Apr,2019,320.76930292434736,30.691,3450.197126193347,229.81724544271046,148.7985202381464,275.683425108338,248.34642077482,106.63333333333333,105.53333333333332,98.9
990,07H,May,2019,328.6615798138846,30.691,3609.9833827506436,233.88041751683525,150.8995527865137,282.0370792740543,250.72496823172918,106.63333333333333,105.53333333333332,98.9
991,07H,Jun,2019,322.9364445292613,30.691,3564.8887295949953,231.62065008548532,151.39780394698695,248.90032908670295,216.05682447623082,106.63333333333333,105.53333333333332,98.9
992,07H,Jul,2019,356.6080028981476,30.691,3984.8163956860317,253.7751895173247,167.29333875677517,266.62539506695776,234.0099703496139,106.63333333333333,105.53333333333332,98.9
993,07H,Aug,2019,320.76930292434736,30.691,3534.391189599557,229.6011896297619,149.77738534987262,241.47144113909616,222.60597569319998,106.63333333333333,105.53333333333332,98.9
994,07H,Sep,2019,338.0740903665704,30.691,3987.814017138575,228.7083059129846,149.97359930244835,222.63855853507545,208.92118210550325,106.63333333333333,105.53333333333332,98.9
995,07H,Oct,2019,342.5701005618395,30.691,4768.955068261054,245.47688257917727,164.75137597790058,230.816851845818,214.9490078524649,106.63333333333333,105.53333333333332,98.9
996,07H,Nov,2019,340.9528307074262,30.691,4114.235443615392,246.1801662968364,163.450631797904,271.512821348278,252.8754357955101,106.63333333333333,105.53333333333332,98.9
997,07H,Dec,2019,338.9150706908653,30.691,3638.949529177935,264.36633365411006,174.22476198034994,323.80828255840476,285.68635756410674,106.63333333333333,105.53333333333332,98.9
998,07K,Jan,2019,274.3306435639301,23.0997,5390.632778780677,242.94373840491286,150.84002720539522,528.9967206664759,504.8803578987675,108.63333333333333,108.3,100.13333333333333
999,07K,Feb,2019,247.20330006286653,23.0997,4897.942397520314,217.0875896879647,139.06498539969772,489.79226203754286,455.71670211812983,108.63333333333333,108.3,100.13333333333333
1000,07K,Mar,2019,288.2818487930485,23.0997,5068.767126845803,234.61015704832485,151.80125510790114,500.45404805356543,483.69730363958604,108.63333333333333,108.3,100.13333333333333
1001,07K,Apr,2019,289.745864156598,23.0997,4734.8233959748395,229.8172454427105,148.7985202381464,511.9940701499852,496.58980929981755,108.63333333333333,108.3,100.13333333333333
1002,07K,May,2019,299.0897269180754,23.0997,4890.020216712772,233.88041751683528,150.8995527865137,511.3441754504912,477.04027415017487,108.63333333333333,108.3,100.13333333333333
1003,07K,Jun,2019,288.1957302422515,23.0997,4475.945575050759,231.62065008548535,151.39780394698695,465.4826873321471,434.2877417564371,108.63333333333333,108.3,100.13333333333333
1004,07K,Jul,2019,314.33271040914923,23.0997,5138.8979077650365,253.77518951732472,167.29333875677517,487.45615406368614,444.6333627835166,108.63333333333333,108.3,100.13333333333333
1005,07K,Aug,2019,286.81783342949905,23.0997,4470.187924518501,229.60118962976188,149.77738534987262,498.57462284151524,468.8551138808726,108.63333333333333,108.3,100.13333333333333
1006,07K,Sep,2019,284.5787511087763,23.0997,5019.7188708078465,228.7083059129846,149.97359930244838,449.8325203794683,422.90580215448875,108.63333333333333,108.3,100.13333333333333
1007,07K,Oct,2019,294.5685030012315,23.0997,5746.178521798985,245.47688257917727,164.75137597790058,483.25818559938733,455.04924269702786,108.63333333333333,108.3,100.13333333333333
1008,07K,Nov,2019,290.95152386775635,23.0997,5292.233232466223,246.18016629683643,163.45063179790404,516.3325563871475,482.5907261782855,108.63333333333333,108.3,100.13333333333333
1009,07K,Dec,2019,290.4778718383727,23.0997,4653.134023385585,264.36633365411006,174.22476198034994,638.6532776648758,574.2961376933656,108.63333333333333,108.3,100.13333333333333
1010,09D,Mar,2019,645.9880545902125,29.0395,4066.702250383099,184.40098068661067,145.06820123231586,368.42920849188175,248.07589662356446,94.2,105.3,97.8
1011,09D,Apr,2019,630.2980719216614,29.0395,3769.004287263899,181.96963373340043,141.74622718661954,2630.245011105563,2154.272628660962,94.2,105.3,97.8
1012,09D,May,2019,585.5907956945531,29.0395,3942.0788925429156,187.62110686528305,146.455065804557,2558.962792059092,2116.117701751063,94.2,105.3,97.8
1013,09D,Jun,2019,620.4946173381865,29.0395,3799.8588129960913,185.3024426585674,146.30121051607398,2444.56688303862,2093.734396253379,94.2,105.3,97.8
1014,09D,Jul,2019,680.9150395965856,29.0395,4204.721155667281,194.23255031826378,153.55841278550452,2532.5504915718248,2090.807348611374,94.2,105.3,97.8
1015,09D,Aug,2019,646.9423563190298,29.0395,3604.5386456378383,186.47477661729,145.5731066156474,2576.903872311851,2234.232683069612,94.2,105.3,97.8
1016,09D,Sep,2019,621.3475268095996,29.0395,3907.1953718211403,179.37793056402484,139.8241195685291,2356.6865820692506,2020.3515900755867,94.2,105.3,97.8
1017,09D,Oct,2019,655.9933414157688,29.0395,4739.716592916545,193.72114400724985,150.1735964388785,2496.151793247129,2188.811790836619,94.2,105.3,97.8
1018,09D,Nov,2019,626.9293756488391,29.0395,4293.565660565781,195.2380271331386,150.46830516047976,2686.5820692505035,2382.513473028117,94.2,105.3,97.8
1019,09D,Dec,2019,601.4637505443076,29.0395,3789.528056612545,209.53140013079872,160.13518462417923,3174.0560271354534,2791.5425541073364,94.2,105.3,97.8
1020,10Q,Jan,2019,231.0417873739225,67.2414,5084.01074338131,362.40316538248373,215.11974363568933,360.9805031575674,303.67791345361326,106.02097690726634,108.42119453512272,100.84423890702456
1021,10Q,Feb,2019,217.5394638824183,67.2414,4533.561169160666,343.2602272774627,212.3381575273679,333.04490404104104,275.40793190331067,106.02097690726634,108.42119453512272,100.84423890702456
1022,10Q,Mar,2019,248.43711201239196,67.2414,4772.818531440452,363.15846498118526,216.63034283309233,347.7108002592931,312.51851569397553,106.02097690726634,108.42119453512272,100.84423890702456
1023,10Q,Apr,2019,234.96913835712004,67.2414,4398.242749258641,349.3286688808231,211.19218572244148,340.38958486714165,304.3994755475512,106.02097690726634,108.42119453512272,100.84423890702456
1024,10Q,May,2019,251.23133225337293,67.2414,4647.196518811327,356.07427564164004,216.12507344637478,340.8764926215876,312.741437316493,106.02097690726634,108.42119453512272,100.84423890702456
1025,10Q,Jun,2019,245.9015501767745,67.2414,4316.953543501474,350.22981943651524,212.3694113038659,324.66774412117553,302.1702593223769,106.02097690726634,108.42119453512272,100.84423890702456
1026,10Q,Jul,2019,255.4222487613957,67.2414,4907.854387326855,368.0340541148722,222.00078342799756,335.4325119453725,300.22262830459306,106.02097690726634,108.42119453512272,100.84423890702456
1027,10Q,Aug,2019,236.66434120443176,67.2414,4181.858200453888,351.2559850981994,211.31720082843344,327.759315043983,305.6490099053463,106.02097690726634,108.42119453512272,100.84423890702456
1028,10Q,Sep,2019,242.47915952276784,67.2414,4765.293405550747,352.33424038738013,216.20320788761978,305.5786136034987,276.7454616384153,106.02097690726634,108.42119453512272,100.84423890702456
1029,10Q,Oct,2019,251.3474477066607,67.2414,5514.608559607623,380.7074604848086,231.44984185589092,334.5173600213535,309.485608356041,106.02097690726634,108.42119453512272,100.84423890702456
1030,10Q,Nov,2019,247.73196485793,67.2414,5063.2199805476985,378.01963570598116,224.66256339307668,365.5562627776621,335.5674381905804,106.02097690726634,108.42119453512272,100.84423890702456
1031,10Q,Dec,2019,239.9534710479952,67.2414,4399.982748723257,406.8877072646278,240.30507853032245,435.5829840405717,399.75126640013843,106.02097690726634,108.42119453512272,100.84423890702456
1032,10R,Mar,2019,887.1292257739254,21.5133,4200.517819209512,363.1584649811852,216.63034283309236,353.03742336136247,341.1842906481107,96.6,94.6,96.8
1033,10R,Apr,2019,863.5865367270575,21.5133,3964.663719652494,349.3286688808231,211.19218572244148,2608.7583030032583,2573.1524219901175,96.6,94.6,96.8
1034,10R,May,2019,624.08939746442,21.5133,4178.020108491026,356.07427564164004,216.12507344637478,2720.8749936086047,2546.8895985274225,96.6,94.6,96.8
1035,10R,Jun,2019,616.2726696669334,21.5133,3795.094197542915,350.22981943651524,212.36941130386586,2551.9562317264204,2372.671789079314,96.6,94.6,96.8
1036,10R,Jul,2019,647.4008223752677,21.5133,4196.1949119846795,368.0340541148722,222.00078342799756,2577.568294961721,2306.991488985883,96.6,94.6,96.8
1037,10R,Aug,2019,592.0361882120045,21.5133,3610.0458785960313,351.25598509819935,211.3172008284334,2523.973541948469,2344.0848219473532,96.6,94.6,96.8
1038,10R,Sep,2019,594.2100710905954,21.5133,3978.097270060846,352.33424038738013,216.20320788761978,2428.9625487489134,2182.603319806817,96.6,94.6,96.8
1039,10R,Oct,2019,609.8435266855687,21.5133,4608.40503316553,380.7074604848086,231.44984185589092,2581.8912021865544,2376.3904189501377,96.6,94.6,96.8
1040,10R,Nov,2019,590.3248336054542,21.5133,4149.665555725993,378.01963570598116,224.66256339307668,2767.683247107603,2539.6382702793153,96.6,94.6,96.8
1041,10R,Dec,2019,602.2580630241023,21.5133,3693.017807588794,406.8877072646278,240.30507853032245,3110.912784184667,2859.6263706637287,96.6,94.6,96.8
1042,11M,Jan,2019,290.0645387341899,63.3558,4547.713074414655,226.11456485051616,175.6592487268473,180.58330886832775,168.6980513228465,105.11666666666666,108.15,101.85
1043,11M,Feb,2019,268.65069309532527,63.3558,4081.615258587217,205.1333302635467,156.11929961785287,178.86286654102702,162.66861124001275,105.11666666666666,108.15,101.85
1044,11M,Mar,2019,303.42277407063284,63.3558,4306.661742097803,224.12195670403202,172.01267257483585,224.55718339915208,215.7182136442125,105.11666666666666,108.15,101.85
1045,11M,Apr,2019,303.8763909614488,63.3558,4012.2293460109413,219.93438227805285,169.41092515041095,225.81989336414344,220.21661789449425,105.11666666666666,108.15,101.85
1046,11M,May,2019,319.78426606351263,63.3558,4162.6654544651,223.1163606757027,172.09733261007509,229.7027265064919,217.05984298201585,105.11666666666666,108.15,101.85
1047,11M,Jun,2019,305.95677187450144,63.3558,4362.868119414481,219.69898608250966,170.95751945270797,207.7473569902045,196.49345442721898,105.11666666666666,108.15,101.85
1048,11M,Jul,2019,342.71538199234794,63.3558,4853.036343949567,228.79890743127203,179.88399097317537,216.58632674514408,201.1970490468118,105.11666666666666,108.15,101.85
1049,11M,Aug,2019,316.07712112822344,63.3558,4208.991126305721,219.4759791604161,171.78140613710917,214.06090681516136,202.68073325567667,105.11666666666666,108.15,101.85
1050,11M,Sep,2019,311.6504459523296,63.3558,4651.618320658882,215.80875421932194,168.98968985312308,204.35382395929022,192.2475921699355,105.11666666666666,108.15,101.85
1051,11M,Oct,2019,302.1088492834417,63.3558,5610.993784310197,227.00452765998216,174.3831535615341,207.03708263489688,197.1879449079642,105.11666666666666,108.15,101.85
1052,11M,Nov,2019,293.427560510929,63.3558,5120.446746785614,229.68680536182976,176.08461378195167,258.61878470479417,245.72335918731986,105.11666666666666,108.15,101.85
1053,11M,Dec,2019,301.48317081335074,63.3558,4593.912475258777,249.9556567254448,192.0068950436505,283.43103551687454,259.9761979171599,105.11666666666666,108.15,101.85
1054,11N,Jan,2019,271.6866903304688,56.821,2985.392724520864,226.1145648505162,175.6592487268473,236.91944879533975,225.32162404744724,95.3,104.1,100.4
1055,11N,Feb,2019,264.8418368591005,56.821,2688.442653244399,205.1333302635467,156.11929961785285,234.1211875890956,212.65025254747366,95.3,104.1,100.4
1056,11N,Mar,2019,301.92248072816705,56.821,2833.177874377431,224.12195670403204,172.01267257483588,244.5926682036571,232.85405043909822,95.3,104.1,100.4
1057,11N,Apr,2019,326.968025999993,56.821,5717.551609440172,219.93438227805288,169.41092515041095,275.7431231410922,263.5469280723676,95.3,104.1,100.4
1058,11N,May,2019,343.113520066045,56.821,5876.454127875258,223.11636067570274,172.09733261007509,279.63253022650076,261.6462223473716,95.3,104.1,100.4
1059,11N,Jun,2019,334.19605193031833,56.821,5375.635768465884,219.6989860825097,170.95751945270797,271.7481212931839,248.71086394114852,95.3,104.1,100.4
1060,11N,Jul,2019,367.183717260526,56.821,6227.398321043276,228.79890743127206,179.88399097317537,275.7959205223421,250.20678974322874,95.3,104.1,100.4
1061,11N,Aug,2019,368.26356691758656,56.821,5396.91311310959,219.4759791604161,171.7814061371092,310.5189982576864,276.67587687650695,95.3,104.1,100.4
1062,11N,Sep,2019,310.7876980740359,56.821,6059.027472237377,215.80875421932194,168.9896898531231,251.13954347864347,232.0620897203499,95.3,104.1,100.4
1063,11N,Oct,2019,295.3040473461824,56.821,7009.7499164041465,227.0045276599822,174.3831535615341,250.9987504619771,240.84405413491493,95.3,104.1,100.4
1064,11N,Nov,2019,271.80860884013697,56.821,6213.776596680805,229.68680536182978,176.08461378195167,260.60787384945706,245.6310167015716,95.3,104.1,100.4
1065,11N,Dec,2019,277.93936818344906,56.821,5529.276147903064,249.95565672544484,192.00689504365053,326.7101951743194,297.39004945354714,95.3,104.1,100.4
1066,11X,Feb,2019,167.4319020581973,55.9399,3987.9227528114993,205.1333302635467,156.11929961785285,18.501999467285426,18.01933861161711,101.575,105.7,98.975
1067,11X,Mar,2019,192.640534066714,55.9399,4213.593517328419,224.12195670403204,172.01267257483588,247.94466918961243,245.0487040556025,101.575,105.7,98.975
1068,11X,Apr,2019,195.63073988644427,55.9399,3897.736678113475,219.93438227805288,169.41092515041095,261.7809470521041,256.7576988875561,101.575,105.7,98.975
1069,11X,May,2019,200.6331174591909,55.9399,4074.247540664177,223.1163606757027,172.09733261007509,261.92395767600584,256.0068931120721,101.575,105.7,98.975
1070,11X,Jun,2019,194.8834368346345,55.9399,3848.308631227442,219.6989860825097,170.957519452708,254.88068444884598,250.08982854813826,101.575,105.7,98.975
1071,11X,Jul,2019,221.5789212207239,55.9399,4432.614287833907,228.79890743127208,179.88399097317537,246.58606826254604,238.02330715643038,101.575,105.7,98.975
1072,11X,Aug,2019,201.4598651525905,55.9399,3982.810123007013,219.4759791604161,171.7814061371092,208.81338722450343,196.5859788809061,101.575,105.7,98.975
1073,11X,Sep,2019,193.0256121362669,55.9399,4454.351902666969,215.80875421932194,168.9896898531231,231.1051682251845,224.84845342948412,101.575,105.7,98.975
1074,11X,Oct,2019,191.4829045422285,55.9399,5417.778723236902,227.0045276599822,174.38315356153413,220.46875307249385,219.23528644134151,101.575,105.7,98.975
1075,11X,Nov,2019,184.95731014904183,55.9399,4661.216770140812,229.68680536182976,176.08461378195167,261.19102822850954,235.6993845180274,101.575,105.7,98.975
1076,11X,Dec,2019,194.11198545067424,55.9399,4076.1424314308747,249.95565672544484,192.0068950436505,358.67064474552154,313.99770110422077,101.575,105.7,98.975
1077,12F,Jan,2019,541.0420686993439,32.3235,5041.997308459789,277.9562995380541,224.598180354522,438.21026384118034,347.01698381058156,93.4,98.4,105.2
1078,12F,Feb,2019,489.139328444616,32.3235,4502.358964839822,248.23658887650336,199.43840569153272,393.35652762351685,319.67174930551977,93.4,98.4,105.2
1079,12F,Mar,2019,547.0011578541104,32.3235,4714.897829752347,260.53239073843906,208.9079213434974,400.9620971953542,350.2705591883469,93.4,98.4,105.2
1080,12F,Apr,2019,542.6167502894634,32.3235,4444.939440345259,262.3784259875144,208.39802434685316,411.96344815242514,361.7647275161268,93.4,98.4,105.2
1081,12F,May,2019,564.1373986877653,32.3235,4600.863149102046,264.78846975124515,208.71436860599573,417.7473097320397,362.45123927631846,93.4,98.4,105.2
1082,12F,Jun,2019,541.4125820146661,32.3235,4321.809210017479,265.63760434157524,215.55323199772232,400.41779144263086,334.53963256909856,93.4,98.4,105.2
1083,12F,Jul,2019,593.1300656117329,32.3235,5160.579763948829,278.83665231185216,232.53800501655397,406.1746829173807,324.9382752372756,93.4,98.4,105.2
1084,12F,Aug,2019,581.1810111925897,32.3235,4347.734620322675,268.83018390423763,222.3171717491257,409.3007632539676,334.91966586491895,93.4,98.4,105.2
1085,12F,Sep,2019,565.403319181783,32.3235,5078.657942363914,262.91537874316424,217.37221148779201,391.5078495264294,308.650783726729,93.4,98.4,105.2
1086,12F,Oct,2019,582.045542261675,32.3235,5897.473974043652,280.2893384492305,234.42566451025328,421.06953628582426,321.2507263539605,93.4,98.4,105.2
1087,12F,Nov,2019,558.2709378618293,32.3235,5142.079292155861,292.6371706169462,247.5456264157446,494.33014840913154,347.2915885146582,93.4,98.4,105.2
1088,12F,Dec,2019,554.5040524893863,32.3235,4433.2451621885,305.3554585618158,256.09108383705603,552.3624585947593,395.14391002773016,93.4,98.4,105.2
1089,13T,Jan,2019,626.1943085498616,50.2704,4638.872974951462,361.84654857450784,238.80398642298934,1461.854212496596,1194.6283912971699,91.2,95.85,99.0
1090,13T,Feb,2019,563.5352325977847,50.2704,4110.888315987141,317.19179225064454,213.16831347032178,1295.377803239503,1043.800595183501,91.2,95.85,99.0
1091,13T,Mar,2019,626.1943085498616,50.2704,4303.625990642605,337.97337328328035,229.34139651935607,1300.2459470938593,1074.1806349470644,91.2,95.85,99.0
1092,13T,Apr,2019,581.2169459003005,50.2704,4052.0863171966007,325.7803566746292,225.41189353647326,1341.4487878321804,1105.4355295482223,91.2,95.85,99.0
1093,13T,May,2019,610.593962844615,50.2704,4139.931251790318,334.9251191311176,226.38704593112246,1384.725881169314,1110.783432507066,91.2,95.85,99.0
1094,13T,Jun,2019,584.24979582775,50.2704,3957.5774213055793,331.2195400314505,224.22726396075123,1303.2373862159566,1017.6678345508398,91.2,95.85,99.0
1095,13T,Jul,2019,612.2788794709758,50.2704,4431.156306693402,361.651518095578,251.60376452164445,1370.0650073586582,1059.0682231557143,91.2,95.85,99.0
1096,13T,Aug,2019,584.3687311190225,50.2704,3838.5809541996878,343.20307945902886,233.56705689616942,1372.4214711954046,1093.9495321643203,91.2,95.85,99.0
1097,13T,Sep,2019,606.2131796160769,50.2704,4232.669722142652,342.24959711759396,235.94353939868495,1292.8661232218928,981.5447960953253,91.2,95.85,99.0
1098,13T,Oct,2019,621.0800910251429,50.2704,5090.649766065119,363.25510203344555,249.57400287055975,1408.2764089748819,1059.5620928220983,91.2,95.85,99.0
1099,13T,Nov,2019,626.9079202974968,50.2704,4498.83032559916,378.9803373160484,262.5904815013591,1873.8826198798063,1147.7389941144847,91.2,95.85,99.0
1100,13T,Dec,2019,621.6351223844147,50.2704,3964.3408447117986,395.2834406843692,269.51045182783287,1786.6370156726014,1269.8800178921927,91.2,95.85,99.0
1101,14L,Jan,2019,1350.4755476690725,54.7627,4516.431804859877,277.95629953805417,224.59818035452204,438.21026384118034,347.01698381058156,88.9,89.6,94.1
1102,14L,Feb,2019,1252.6625952093243,54.7627,4100.838709559609,248.2365888765034,199.43840569153272,393.3565276235169,319.67174930551977,88.9,89.6,94.1
1103,14L,Mar,2019,1358.5495161062065,54.7627,4330.922324867108,260.53239073843906,208.90792134349743,400.96209719535426,350.2705591883469,88.9,89.6,94.1
1104,14L,Apr,2019,1336.1964169723888,54.7627,3991.001174156862,262.3784259875144,208.39802434685316,411.9634481524252,361.76472751612687,88.9,89.6,94.1
1105,14L,May,2019,1377.43715912431,54.7627,4111.484641918678,264.7884697512452,208.71436860599576,417.7473097320397,362.4512392763185,88.9,89.6,94.1
1106,14L,Jun,2019,1310.613730463718,54.7627,3810.586402788759,265.63760434157524,215.55323199772232,400.41779144263086,334.53963256909856,88.9,89.6,94.1
1107,14L,Jul,2019,1337.448335673877,54.7627,4355.62892260608,278.8366523118522,232.53800501655397,406.1746829173807,324.9382752372756,88.9,89.6,94.1
1108,14L,Aug,2019,1233.7023771940328,54.7627,3667.1310947049724,268.83018390423763,222.3171717491257,409.30076325396766,334.919665864919,88.9,89.6,94.1
1109,14L,Sep,2019,1279.1524691828415,54.7627,4260.144222253468,262.9153787431643,217.37221148779204,391.5078495264294,308.65078372672906,88.9,89.6,94.1
1110,14L,Oct,2019,1347.481829035079,54.7627,4932.3170698303775,280.2893384492305,234.4256645102533,421.06953628582426,321.25072635396054,88.9,89.6,94.1
1111,14L,Nov,2019,1363.9382096473944,54.7627,4572.546642148762,292.63717061694626,247.54562641574464,494.33014840913154,347.29158851465826,88.9,89.6,94.1
1112,14L,Dec,2019,1294.2480685978874,54.7627,3961.3642132327295,305.35545856181574,256.0910838370561,552.3624585947595,395.14391002773016,88.9,89.6,94.1
1113,14Y,Jan,2019,249.35908955875288,54.2512,3792.1188840062528,362.40316538248373,215.1197436356893,360.98050315756745,303.6779134536132,103.06294296321296,108.47453594330072,102.18074586567668
1114,14Y,Feb,2019,228.710587217,54.2512,3673.1722063290767,343.26022727746266,212.33815752736788,333.04490404104104,275.40793190331067,103.06294296321296,108.47453594330072,102.18074586567668
1115,14Y,Mar,2019,257.4277760866137,54.2512,3929.572064765388,363.1584649811852,216.6303428330923,347.71080025929297,312.51851569397553,103.06294296321296,108.47453594330072,102.18074586567668
1116,14Y,Apr,2019,247.0851869918103,54.2512,3600.454920812812,349.32866888082305,211.19218572244145,340.38958486714165,304.39947554755116,103.06294296321296,108.47453594330072,102.18074586567668
1117,14Y,May,2019,260.0867750560224,54.2512,3742.516294570443,356.07427564164,216.12507344637476,340.87649262158754,312.741437316493,103.06294296321296,108.47453594330072,102.18074586567668
1118,14Y,Jun,2019,251.9630747563807,54.2512,3450.1725307458637,350.2298194365152,212.36941130386586,324.6677441211755,302.1702593223769,103.06294296321296,108.47453594330072,102.18074586567668
1119,14Y,Jul,2019,271.58465335822405,54.2512,3978.437343321438,368.03405411487216,222.00078342799753,335.4325119453724,300.222628304593,103.06294296321296,108.47453594330072,102.18074586567668
1120,14Y,Aug,2019,246.35167003473205,54.2512,3534.6314920222962,351.25598509819935,211.31720082843344,327.75931504398295,305.6490099053463,103.06294296321296,108.47453594330072,102.18074586567668
1121,14Y,Sep,2019,249.5791446458764,54.2512,3999.2295101306518,352.33424038738013,216.20320788761973,305.5786136034987,276.74546163841524,103.06294296321296,108.47453594330072,102.18074586567668
1122,14Y,Oct,2019,255.79570085711455,54.2512,4663.454448933849,380.70746048480856,231.4498418558909,334.5173600213535,309.485608356041,103.06294296321296,108.47453594330072,102.18074586567668
1123,14Y,Nov,2019,249.94590312441548,54.2512,4191.501754799894,378.01963570598116,224.66256339307662,365.5562627776621,335.5674381905804,103.06294296321296,108.47453594330072,102.18074586567668
1124,14Y,Dec,2019,256.877638368805,54.2512,3763.1609992037043,406.88770726462775,240.3050785303224,435.5829840405717,399.75126640013843,103.06294296321296,108.47453594330072,102.18074586567668
1125,15A,Jan,2019,370.0433195839858,48.9709,3552.415822457827,362.4031653824838,215.11974363568933,360.98050315756745,303.67791345361326,106.03333333333332,108.1,101.43333333333334
1126,15A,Feb,2019,340.5649621131345,48.9709,3160.2849855730647,343.2602272774627,212.3381575273679,333.04490404104104,275.40793190331067,106.03333333333332,108.1,101.43333333333334
1127,15A,Mar,2019,385.033317289043,48.9709,3359.7095417891032,363.15846498118526,216.63034283309233,347.710800259293,312.51851569397553,106.03333333333332,108.1,101.43333333333334
1128,15A,Apr,2019,362.0473326874998,48.9709,3068.1690555003074,349.3286688808231,211.19218572244148,340.38958486714165,304.3994755475512,106.03333333333332,108.1,101.43333333333334
1129,15A,May,2019,388.8707865967216,48.9709,3171.944971401383,356.07427564164004,216.12507344637478,340.87649262158766,312.741437316493,106.03333333333332,108.1,101.43333333333334
1130,15A,Jun,2019,377.4894138147433,48.9709,4118.568374279419,350.2298194365153,212.3694113038659,324.6677441211755,302.1702593223769,106.03333333333332,108.1,101.43333333333334
1131,15A,Jul,2019,398.1816741709265,48.9709,4568.488633045339,368.0340541148723,222.00078342799756,335.4325119453725,300.22262830459306,106.03333333333332,108.1,101.43333333333334
1132,15A,Aug,2019,368.958725555305,48.9709,3957.288920563028,351.2559850981994,211.31720082843344,327.759315043983,305.6490099053463,106.03333333333332,108.1,101.43333333333334
1133,15A,Sep,2019,370.9812809842664,48.9709,4389.790671602931,352.3342403873802,216.20320788761975,305.5786136034987,276.74546163841524,106.03333333333332,108.1,101.43333333333334
1134,15A,Oct,2019,393.9510182031613,48.9709,5153.162388275486,380.70746048480856,231.44984185589092,334.51736002135357,309.48560835604104,106.03333333333332,108.1,101.43333333333334
1135,15A,Nov,2019,378.1222493688907,48.9709,4647.862301897658,378.01963570598116,224.66256339307668,365.556262777662,335.56743819058045,106.03333333333332,108.1,101.43333333333334
1136,15A,Dec,2019,376.5029539772577,48.9709,4121.059649710338,406.88770726462786,240.30507853032242,435.5829840405717,399.75126640013843,106.03333333333332,108.1,101.43333333333334
1137,15C,Jan,2019,329.7034934637456,95.9968,5150.588352945098,226.1145648505162,175.65924872684732,339.43839794659823,318.64603820127337,97.56666666666666,104.63333333333333,100.36666666666667
1138,15C,Feb,2019,305.4375200502559,95.9968,4506.098119937332,205.1333302635467,156.11929961785287,301.96839894663157,274.2799759992,97.56666666666666,104.63333333333333,100.36666666666667
1139,15C,Mar,2019,348.80510377651404,95.9968,4715.771775725858,224.12195670403204,172.01267257483588,273.9362145404847,263.23794126470887,97.56666666666666,104.63333333333333,100.36666666666667
1140,15C,Apr,2019,336.4642922349936,95.9968,4407.042734757825,219.93438227805288,169.41092515041095,239.63298776625888,235.0807526917564,97.56666666666666,104.63333333333333,100.36666666666667
1141,15C,May,2019,358.54996033788615,95.9968,4536.942898096603,223.11636067570274,172.09733261007509,244.53940131337714,234.0286342878096,97.56666666666666,104.63333333333333,100.36666666666667
1142,15C,Jun,2019,341.3837188312003,95.9968,4224.224140804694,219.6989860825097,170.957519452708,227.67425580852696,217.85101170039002,97.56666666666666,104.63333333333333,100.36666666666667
1143,15C,Jul,2019,368.7609596890573,95.9968,4770.856945231508,228.79890743127206,179.88399097317537,235.52868428947633,218.569785659522,97.56666666666666,104.63333333333333,100.36666666666667
1144,15C,Aug,2019,346.6178232978042,95.9968,4111.584969498984,219.47597916041613,171.7814061371092,227.61175372512417,217.4864162138738,97.56666666666666,104.63333333333333,100.36666666666667
1145,15C,Sep,2019,353.42343045823407,95.9968,4598.632454415148,215.80875421932197,168.9896898531231,222.05948531617722,211.16328877629255,97.56666666666666,104.63333333333333,100.36666666666667
1146,15C,Oct,2019,360.40570164806655,95.9968,5511.45454848495,227.0045276599822,174.38315356153413,231.97648254941834,223.52828427614256,97.56666666666666,104.63333333333333,100.36666666666667
1147,15C,Nov,2019,345.31809427926873,95.9968,4938.508366945565,229.68680536182978,176.0846137819517,249.1853895129838,239.6642388079603,97.56666666666666,104.63333333333333,100.36666666666667
1148,15C,Dec,2019,348.9876031395478,95.9968,4289.049218307277,249.95565672544484,192.0068950436505,296.99948331611057,277.24882496083205,97.56666666666666,104.63333333333333,100.36666666666667
1149,15E,Nov,2019,516.4035354046487,117.902,4832.971450865974,546.3922326063267,398.12101138013077,793.7269936048583,736.942545503893,95.79561551433387,97.4964586846543,98.34738617200674
1150,15E,Dec,2019,540.8359477785649,117.902,4294.057776797679,582.9395641541552,425.9422925559493,1219.1820325354956,1136.1045614154127,95.79561551433387,97.4964586846543,98.34738617200674
1151,15F,Jan,2019,349.32327602517694,78.9194,5351.3458034399655,202.37141890232726,148.9616007436592,498.1462525571656,435.7563804538437,90.9,97.0,96.5
1152,15F,Feb,2019,322.4687496058225,78.9194,4926.519968474165,186.2857678965732,136.4252757967555,435.70819596991004,380.597192470813,90.9,97.0,96.5
1153,15F,Mar,2019,356.1598910177979,78.9194,5188.53412468924,199.50658863095578,145.37398121418067,463.2576746589668,419.84345463476006,90.9,97.0,96.5
1154,15F,Apr,2019,344.42916787547773,78.9194,4853.445413928642,223.28922723297606,145.8239294940619,428.8690107815794,396.9859400687412,90.9,97.0,96.5
1155,15F,May,2019,362.8199144792442,78.9194,5018.360504514733,227.98496406875788,148.37762531657933,426.7970779724331,393.6401299655993,90.9,97.0,96.5
1156,15F,Jun,2019,346.9897450775111,78.9194,4672.247888351913,222.14042311413039,144.03131640027974,396.5763719553053,362.1515697149677,90.9,97.0,96.5
1157,15F,Jul,2019,378.4734923498026,78.9194,5286.697567391541,237.75697910468912,158.9322631584742,409.95660083762704,365.18719220278683,90.9,97.0,96.5
1158,15F,Aug,2019,347.5447470326316,78.9194,4598.539776024653,226.49151871425846,149.71789678856598,405.9964385643313,365.6660255118773,90.9,97.0,96.5
1159,15F,Sep,2019,360.6251340203585,78.9194,5105.284632169023,221.94177573524664,147.76014310269977,381.33200585080095,348.00340061995365,90.9,97.0,96.5
1160,15F,Oct,2019,387.2526141853455,78.9194,6004.822641834581,241.0861177074274,159.48273179875443,413.8655670967433,367.95780002897095,90.9,97.0,96.5
1161,15F,Nov,2019,380.2646350231461,78.9194,5393.17328819023,244.12805528045422,140.18282260214667,472.4217611970953,399.3018068278016,90.9,97.0,96.5
1162,15F,Dec,2019,370.3755092773623,78.9194,4746.551544994007,263.46147126386165,141.36274016587777,527.945344339874,483.05848602544563,90.9,97.0,96.5
1163,15M,Jan,2019,414.9516747614935,101.99,5179.379541763262,272.53257861913755,216.4167693297014,348.44592607118346,303.94156289832335,101.18960784313724,104.4535294117647,102.98941176470588
1164,15M,Feb,2019,382.60486391527047,101.99,4661.391868257425,237.91092269855008,189.8236270508543,307.70663790567704,266.42808118442986,101.18960784313724,104.4535294117647,102.98941176470588
1165,15M,Mar,2019,431.2713135066946,101.99,4876.949533905658,255.77533806984715,204.25580047393066,303.2944406314345,271.33052260025494,101.18960784313724,104.4535294117647,102.98941176470588
1166,15M,Apr,2019,435.9995242542588,101.99,4634.032748308658,243.7191019675095,195.07223418004278,313.1287381115796,277.37033042455147,101.18960784313724,104.4535294117647,102.98941176470588
1167,15M,May,2019,434.264222165462,101.99,4781.488381213845,250.4668836529827,200.33281076676644,308.84400431414844,275.24267085008336,101.18960784313724,104.4535294117647,102.98941176470588
1168,15M,Jun,2019,425.5682139451996,101.99,4536.278066477106,251.42444025579925,200.2879253010094,299.4803412099225,262.37866457495835,101.18960784313724,104.4535294117647,102.98941176470588
1169,15M,Jul,2019,476.2039389407639,101.99,5087.243847436023,274.4057987233975,223.4099248946463,322.198254730856,275.0759878419453,101.18960784313724,104.4535294117647,102.98941176470588
1170,15M,Aug,2019,457.7882892456115,101.99,4460.054907343858,264.03725613352407,214.6602514364097,321.73742523776843,277.31150112756154,101.18960784313724,104.4535294117647,102.98941176470588
1171,15M,Sep,2019,438.7292129332649,101.99,5011.5501519756845,254.07567509984773,206.16792131518005,289.518580252966,245.48485145602513,101.18960784313724,104.4535294117647,102.98941176470588
1172,15M,Oct,2019,449.121527689767,101.99,5932.836552603197,277.26649907431204,224.3854356837657,298.53907245808415,260.6726149622512,101.18960784313724,104.4535294117647,102.98941176470588
1173,15M,Nov,2019,443.7791369894264,101.99,5197.705657417394,284.54093689133435,228.43111233066583,350.4069026375135,295.9505833905285,101.18960784313724,104.4535294117647,102.98941176470588
1174,15M,Dec,2019,450.8470808904244,101.99,4675.546622217865,316.12534296236294,247.75280915687438,400.8922443376802,342.994411216786,101.18960784313724,104.4535294117647,102.98941176470588
1175,15N,Sep,2019,354.9745788057023,119.4166,5776.684313571145,215.80875421932194,168.98968985312308,4.019541671760877,3.517098962790768,103.09,107.45,101.51
1176,15N,Oct,2019,342.9036653042236,119.4166,6852.857977869074,227.00452765998222,174.38315356153413,328.75663852429227,259.3023080543241,103.09,107.45,101.51
1177,15N,Nov,2019,331.7133552653441,119.4166,6063.495359941582,229.68680536182978,176.08461378195167,328.0699668220331,261.33720102565303,103.09,107.45,101.51
1178,15N,Dec,2019,327.875253381185,119.4166,5275.774054863394,249.95565672544484,192.00689504365053,389.10000787160243,272.3323223069489,103.09,107.45,101.51
1179,16C,Jan,2019,705.8501428127452,67.571,5189.933551375591,361.8465485745078,238.80398642298934,746.6860401423028,610.1924085958266,94.6,95.94,98.12
1180,16C,Feb,2019,641.1108315697563,67.571,4577.999437628569,317.19179225064454,213.1683134703218,661.6532032542826,533.1525718865498,94.6,95.94,98.12
1181,16C,Mar,2019,701.1883796303148,67.571,4845.347856328899,337.97337328328035,229.34139651935607,664.1397542566871,548.6700916203952,94.6,95.94,98.12
1182,16C,Apr,2019,680.3806366636575,67.571,4559.811161592991,325.7803566746292,225.41189353647323,685.185345349501,564.6344697952524,94.6,95.94,98.12
1183,16C,May,2019,702.7423006911249,67.571,4754.835654348759,334.9251191311175,226.38704593112246,707.2904233911655,567.3660722007921,94.6,95.94,98.12
1184,16C,Jun,2019,680.106850571991,67.571,4422.237350342602,331.2195400314505,224.2272639607512,665.6677218291791,519.8044778098747,94.6,95.94,98.12
1185,16C,Jul,2019,749.3599325154282,67.571,5031.921978363499,361.65151809557796,251.6037645216444,699.8019408071128,540.9509724216268,94.6,95.94,98.12
1186,16C,Aug,2019,700.5964097023872,67.571,4397.877787808379,343.2030794590288,233.5670568961694,701.0055756401608,558.7676509084199,94.6,95.94,98.12
1187,16C,Sep,2019,694.9800950111735,67.571,5088.011129034645,342.249597117594,235.94353939868495,660.3702870849261,501.3535486326131,94.6,95.94,98.12
1188,16C,Oct,2019,704.8733924316645,67.571,5670.420742626275,363.25510203344555,249.5740028705597,719.3195643274348,541.2032312189722,94.6,95.94,98.12
1189,16C,Nov,2019,699.197880747658,67.571,5104.349499045448,378.9803373160484,262.5904815013591,957.1419510704422,586.2422376364359,94.6,95.94,98.12
1190,16C,Dec,2019,717.5785470098119,67.571,4505.305530479051,395.2834406843692,269.51045182783287,912.5786326708296,648.6294419170515,94.6,95.94,98.12
1191,18C,Nov,2019,270.7961936958879,79.0373,5166.64916438188,546.3922326063267,398.12101138013077,194.61045779062584,180.68772676427204,101.9,106.74285714285712,99.45714285714286
1192,18C,Dec,2019,276.3631854833098,79.0373,4600.08122747108,582.9395641541552,425.94229255594934,298.9259221287824,278.55651952935966,101.9,106.74285714285712,99.45714285714286
1193,26A,Jan,2019,282.6806077007,103.0244,5465.103412395511,242.94373840491284,150.84002720539522,314.01299109725466,286.31081569026367,101.4125,103.7375,99.7375
1194,26A,Feb,2019,264.0539522676182,103.0244,4944.692713570766,217.0875896879647,139.06498539969775,301.0840150488622,268.1112435500716,101.4125,103.7375,99.7375
1195,26A,Mar,2019,293.3868093383703,103.0244,5180.617407138503,234.61015704832485,151.80125510790114,298.443863783725,276.08993597633184,101.4125,103.7375,99.7375
1196,26A,Apr,2019,290.1351524493227,103.0244,4838.572221726116,229.81724544271046,148.7985202381464,297.70617445964257,279.9530984892899,101.4125,103.7375,99.7375
1197,26A,May,2019,302.9379447975431,103.0244,5016.306816637612,233.88041751683528,150.8995527865137,303.6173954907769,280.78785219812005,101.4125,103.7375,99.7375
1198,26A,Jun,2019,294.1244986624528,103.0244,4686.452917949534,231.62065008548532,151.39780394698695,282.2341115308607,260.1422575622862,101.4125,103.7375,99.7375
1199,26A,Jul,2019,317.84703429478844,103.0244,5276.57525790007,253.7751895173247,167.29333875677514,304.6948101614763,273.83804225018537,101.4125,103.7375,99.7375
1200,26A,Aug,2019,313.80915588928445,103.0244,4641.230621095585,229.6011896297619,149.77738534987262,306.15077593269166,279.7589697197945,101.4125,103.7375,99.7375
1201,26A,Sep,2019,296.259915126902,103.0244,5107.489099669593,228.70830591298463,149.97359930244838,270.80963344605743,248.1839253613707,101.4125,103.7375,99.7375
1202,26A,Oct,2019,297.70617445964257,103.0244,6066.883184954244,245.47688257917727,164.75137597790058,276.16758748413,252.72653856756264,101.4125,103.7375,99.7375
1203,26A,Nov,2019,289.7760142257562,103.0244,5459.007769033356,246.18016629683643,163.45063179790404,298.84182776119053,273.8671615656097,101.4125,103.7375,99.7375
1204,26A,Dec,2019,300.85106052546774,103.0244,4768.501442376757,264.36633365411006,174.22476198034994,349.4997301610104,320.2348181595816,101.4125,103.7375,99.7375
1205,27D,Jan,2019,254.34323463242563,72.6302,4716.770709704779,277.95629953805417,224.59818035452201,370.4201879914371,293.3342894632069,98.6,104.75,101.75
1206,27D,Feb,2019,231.8319376788168,72.6302,4083.893476818183,248.2365888765034,199.4384056915327,332.5052170908767,270.2192970911752,98.6,104.75,101.75
1207,27D,Mar,2019,265.01372707220963,72.6302,4316.826884684332,260.53239073843906,208.90792134349743,338.9342233078625,296.08454454055715,98.6,104.75,101.75
1208,27D,Apr,2019,261.1723497938874,72.6302,4018.094401502405,262.3784259875144,208.39802434685316,348.2336916816908,305.8005926209018,98.6,104.75,101.75
1209,27D,May,2019,268.3319060115489,72.6302,4062.18074575039,264.7884697512452,208.71436860599573,353.1228037596629,306.38090265983027,98.6,104.75,101.75
1210,27D,Jun,2019,259.74043855035507,72.6302,3816.139842654984,265.6376043415752,215.55323199772232,338.4741203484264,282.78715450568257,98.6,104.75,101.75
1211,27D,Jul,2019,282.10028335320567,72.6302,4489.468568171366,278.83665231185216,232.53800501655397,343.34043453201207,274.6711041040977,98.6,104.75,101.75
1212,27D,Aug,2019,271.25080200798016,72.6302,3939.697260919012,268.83018390423763,222.3171717491257,345.98291774498983,283.1083975629465,98.6,104.75,101.75
1213,27D,Sep,2019,270.96166608380537,72.6302,4487.444616702143,262.91537874316424,217.37221148779201,330.9425250574765,260.9032484305204,98.6,104.75,101.75
1214,27D,Oct,2019,268.2768325021823,72.6302,5248.464137507538,280.28933844923046,234.42566451025328,355.9310898409059,271.5540101807106,98.6,104.75,101.75
1215,27D,Nov,2019,261.1310446618624,72.6302,4587.017521637005,292.63717061694626,247.54562641574464,417.8584611379838,293.5664134787784,98.6,104.75,101.75
1216,27D,Dec,2019,261.1310446618624,72.6302,3995.142516473864,305.35545856181574,256.09108383705603,466.91331225011686,334.016095727944,98.6,104.75,101.75
1217,36J,Jan,2019,294.512422465512,59.006,5963.851133783005,202.37141890232726,148.9616007436592,344.7892761036454,301.60645835026924,101.47213114754098,102.00819672131146,98.89180327868851
1218,36J,Feb,2019,273.02308239840016,59.006,5439.209571907942,186.2857678965732,136.4252757967555,301.57310771629454,263.4283201077226,101.47213114754098,102.00819672131146,98.89180327868851
1219,36J,Mar,2019,304.68087991051755,59.006,5744.873402704809,199.5065886309558,145.37398121418065,320.6413326913336,290.592411480122,101.47213114754098,102.00819672131146,98.89180327868851
1220,36J,Apr,2019,301.24055180829066,59.006,5436.481035826865,223.28922723297603,145.82392949406187,296.8394021065094,274.77170448837006,101.47213114754098,102.00819672131146,98.89180327868851
1221,36J,May,2019,296.1563230857879,59.006,5465.08829610548,227.98496406875785,148.37762531657933,295.40532484559697,272.45591984175127,101.47213114754098,102.00819672131146,98.89180327868851
1222,36J,Jun,2019,290.1738806223096,59.006,5129.563095278446,222.14042311413036,144.03131640027974,274.488224099585,250.66128053927977,101.47213114754098,102.00819672131146,98.89180327868851
1223,36J,Jul,2019,315.37470765684844,59.006,5941.209368538793,237.7569791046891,158.93226315847417,283.74927827143665,252.76237047968635,101.47213114754098,102.00819672131146,98.89180327868851
1224,36J,Aug,2019,295.3428464901874,59.006,5039.2671931667965,226.49151871425846,149.71789678856598,281.0082730416404,253.09379240481,101.47213114754098,102.00819672131146,98.89180327868851
1225,36J,Sep,2019,295.3089516320374,59.006,5660.034572755313,221.9417757352466,147.76014310269974,263.93691727583683,240.86870063845623,101.47213114754098,102.00819672131146,98.89180327868851
1226,36J,Oct,2019,302.98613700301667,59.006,6618.293054943565,241.08611770742735,159.48273179875443,286.4548484526348,254.68003193323204,101.47213114754098,102.00819672131146,98.89180327868851
1227,36J,Nov,2019,295.76653221706266,59.006,5892.417720231841,244.12805528045422,140.18282260214664,326.9842063903984,276.37461933377944,101.47213114754098,102.00819672131146,98.89180327868851
1228,36J,Dec,2019,307.91783886384434,59.006,5414.093482018778,263.46147126386165,141.36274016587774,365.41455880237874,334.3463588403152,101.47213114754098,102.00819672131146,98.89180327868851
1229,36L,Jan,2019,450.3572296152835,150.2535,3914.850569204711,355.296073863303,286.7207043856336,214.1314511808377,199.70250277031812,104.56666666666663,104.1,100.85
1230,36L,Feb,2019,415.3763473063855,150.2535,3700.472867520557,327.3109761086396,263.9731276946891,203.40291573906765,182.96412396383445,104.56666666666663,104.1,100.85
1231,36L,Mar,2019,457.04259800936416,150.2535,3898.0123591130982,342.7239572271179,275.997732267014,207.15657205988543,192.8873537055709,104.56666666666663,104.1,100.85
1232,36L,Apr,2019,437.3492131630877,150.2535,3647.2694479662714,323.6023566572095,257.28315009929594,200.7340927166422,190.0188681128892,104.56666666666663,104.1,100.85
1233,36L,May,2019,452.7614997321194,150.2535,3840.4363292702,340.97398470602525,271.18995652134384,198.0519588561997,188.11541827644612,104.56666666666663,104.1,100.85
1234,36L,Jun,2019,438.1295610418393,150.2535,3645.845188298442,350.59986661366474,280.82823492854243,187.303457157404,174.47180930893455,104.56666666666663,104.1,100.85
1235,36L,Jul,2019,457.96936510630366,150.2535,4106.027480225086,370.20286458311807,299.26802802270043,200.4013217662151,187.46984263261757,104.56666666666663,104.1,100.85
1236,36L,Aug,2019,420.38954167457,150.2535,3497.0566409434723,345.42846021426107,275.8014543573282,192.74758990639157,178.87104127358097,104.56666666666663,104.1,100.85
1237,36L,Sep,2019,429.6156162751616,150.2535,3891.510014741753,333.8707904586622,269.76642515530745,183.81601759692785,173.5001181336874,104.56666666666663,104.1,100.85
1238,36L,Oct,2019,442.2276352963492,150.2535,4506.477386550064,351.5234058308175,280.8385653448417,197.91885047602884,191.34329649558916,104.56666666666663,104.1,100.85
1239,36L,Nov,2019,447.84647279431096,150.2535,4094.313942770052,364.51493736875204,293.5801008083344,216.1014552073662,205.8521099342112,104.56666666666663,104.1,100.85
1240,36L,Dec,2019,457.6499049938936,150.2535,3531.5982655978064,393.9091039066328,319.36688597451774,256.7727207685678,233.73831558000316,104.56666666666663,104.1,100.85
1241,42D,Jan,2019,116.66916209691004,42.7448,5156.60384421029,202.37141890232726,148.9616007436592,344.7892761036455,301.6064583502692,105.76017699115044,107.78407079646016,100.83362831858406
1242,42D,Feb,2019,105.3695420261646,42.7448,4673.012857704329,186.2857678965732,136.4252757967555,301.5731077162945,263.4283201077225,105.76017699115044,107.78407079646016,100.83362831858406
1243,42D,Mar,2019,117.6049484381726,42.7448,4875.306470026764,199.50658863095578,145.37398121418067,320.6413326913336,290.59241148012194,105.76017699115044,107.78407079646016,100.83362831858406
1244,42D,Apr,2019,120.5994647302128,42.7448,4651.279219928506,223.2892272329761,145.82392949406187,296.83940210650945,274.77170448836995,105.76017699115044,107.78407079646016,100.83362831858406
1245,42D,May,2019,125.46555370477812,42.7448,4769.79656004941,227.98496406875788,148.37762531657933,295.40532484559697,272.45591984175127,105.76017699115044,107.78407079646016,100.83362831858406
1246,42D,Jun,2019,121.5820403885385,42.7448,4505.483707959799,222.14042311413039,144.03131640027974,274.4882240995849,250.66128053927972,105.76017699115044,107.78407079646016,100.83362831858406
1247,42D,Jul,2019,134.26194531264622,42.7448,5135.548651531883,237.7569791046891,158.9322631584742,283.74927827143665,252.76237047968635,105.76017699115044,107.78407079646016,100.83362831858406
1248,42D,Aug,2019,123.68755965637926,42.7448,4447.137429582078,226.49151871425843,149.71789678856598,281.00827304164034,253.09379240481,105.76017699115044,107.78407079646016,100.83362831858406
1249,42D,Sep,2019,120.76322733993376,42.7448,4960.041923228089,221.9417757352466,147.76014310269974,263.93691727583683,240.8687006384562,105.76017699115044,107.78407079646016,100.83362831858406
1250,42D,Oct,2019,121.9095656079804,42.7448,5798.412906365219,241.08611770742738,159.48273179875443,286.4548484526348,254.68003193323204,105.76017699115044,107.78407079646016,100.83362831858406
1251,42D,Nov,2019,116.99668731635194,42.7448,5123.149482510154,244.12805528045422,140.18282260214664,326.9842063903984,276.37461933377944,105.76017699115044,107.78407079646016,100.83362831858406
1252,42D,Dec,2019,121.06735790084409,42.7448,4582.07781999214,263.46147126386165,141.36274016587774,365.41455880237874,334.34635884031513,105.76017699115044,107.78407079646016,100.83362831858406
1253,52R,Jan,2019,345.05456866026213,104.5197,5046.560600537507,272.53257861913755,216.4167693297014,348.81462537684286,294.9013439571679,100.52857142857142,103.79999999999998,100.67142857142856
1254,52R,Feb,2019,324.4077432292668,104.5197,4594.1578477550165,237.91092269855008,189.82362705085433,308.89870522016423,257.0041819867451,100.52857142857142,103.79999999999998,100.67142857142856
1255,52R,Mar,2019,361.16636385293873,104.5197,4859.466684271003,255.77533806984718,204.25580047393066,291.40917932217565,252.2108272411804,100.52857142857142,103.79999999999998,100.67142857142856
1256,52R,Apr,2019,346.73846174453234,104.5197,4479.031225692382,243.7191019675095,195.07223418004278,296.8531291230266,253.92342304847796,100.52857142857142,103.79999999999998,100.67142857142856
1257,52R,May,2019,312.72573495714204,104.5197,4613.226023419508,250.4668836529827,200.33281076676644,318.9924961514432,269.75775858522366,100.52857142857142,103.79999999999998,100.67142857142856
1258,52R,Jun,2019,304.89945914502243,104.5197,4285.010385601949,251.42444025579928,200.28792530100938,302.6223764515206,247.28352645482144,100.52857142857142,103.79999999999998,100.67142857142856
1259,52R,Jul,2019,325.6323927450997,104.5197,4871.196530414841,274.4057987233975,223.4099248946463,320.8773082969048,263.48142981658003,100.52857142857142,103.79999999999998,100.67142857142856
1260,52R,Aug,2019,305.20562152398065,104.5197,4310.957647218658,264.03725613352407,214.66025143640968,289.82096198132984,242.7676313651876,100.52857142857142,103.79999999999998,100.67142857142856
1261,52R,Sep,2019,305.08124305752887,104.5197,4901.181308404061,254.07567509984773,206.16792131518005,267.8346761423923,220.22642621438828,100.52857142857142,103.79999999999998,100.67142857142856
1262,52R,Oct,2019,314.9071419072194,104.5197,5594.744340062209,277.26649907431204,224.38543568376573,275.555708636745,236.07032932547645,100.52857142857142,103.79999999999998,100.67142857142856
1263,52R,Nov,2019,305.7509732615,104.5197,5045.106329237455,284.54093689133435,228.43111233066583,305.55005420030864,249.84763637859655,100.52857142857142,103.79999999999998,100.67142857142856
1264,52R,Dec,2019,315.77779117238185,104.5197,4560.566094238694,316.12534296236294,247.75280915687438,364.24712279120587,302.2492410521653,100.52857142857142,103.79999999999998,100.67142857142856
1265,70F,Mar,2019,158.24484328072018,86.5409,4573.363577221869,184.40098068661067,145.06820123231586,62.36298533283672,41.99111564985099,103.14259634888438,107.45679513184584,100.82677484787018
1266,70F,Apr,2019,157.21654022683038,86.5409,4342.501637953847,181.96963373340046,141.74622718661956,445.2142427056173,364.64772403373513,103.14259634888438,107.45679513184584,100.82677484787018
1267,70F,May,2019,164.02246803311158,86.5409,4422.475384471389,187.62110686528305,146.455065804557,433.1485001465958,358.1893458910318,103.14259634888438,107.45679513184584,100.82677484787018
1268,70F,Jun,2019,161.94213808639748,86.5409,4169.334961850409,185.3024426585674,146.301210516074,413.785023440765,354.4005861502762,103.14259634888438,107.45679513184584,100.82677484787018
1269,70F,Jul,2019,173.1675802876576,86.5409,4701.5688535709705,194.23255031826378,153.55841278550452,428.6777636525044,353.90513295340816,103.14259634888438,107.45679513184584,100.82677484787018
1270,70F,Aug,2019,167.9723259287887,86.5409,4098.55917837693,186.47477661729,145.57310661564742,436.18533680034,378.1823395999419,103.14259634888438,107.45679513184584,100.82677484787018
1271,70F,Sep,2019,162.89820415234917,86.5409,4827.255089789915,179.37793056402487,139.8241195685291,398.9097698124448,341.97928306173753,103.14259634888438,107.45679513184584,100.82677484787018
1272,70F,Oct,2019,162.8881273857807,86.5409,5408.7951477278375,193.72114400724988,150.17359643887852,422.5166574279218,370.49407175677794,103.14259634888438,107.45679513184584,100.82677484787018
1273,70F,Nov,2019,158.16739990229482,86.5409,4700.286223045982,195.23802713313862,150.46830516047976,454.7502595300423,403.28141566716266,103.14259634888438,107.45679513184584,100.82677484787018
1274,70F,Dec,2019,159.05883023710746,86.5409,4154.62515411788,209.5314001307987,160.13518462417923,537.263617822559,472.5166282836161,103.14259634888438,107.45679513184584,100.82677484787018
1275,71E,Jan,2019,278.4366084943869,76.1703,5167.36838374012,272.53257861913755,216.4167693297014,307.1407096991872,256.04467883151307,100.72857142857144,101.68571428571428,98.0
1276,71E,Feb,2019,259.8949984442756,76.1703,4640.049993238835,237.91092269855014,189.82362705085433,287.9731338855171,234.78967524087477,100.72857142857144,101.68571428571428,98.0
1277,71E,Mar,2019,291.5661353572193,76.1703,4853.322095357377,255.7753380698472,204.25580047393066,285.2817961856524,243.97960885016863,100.72857142857144,101.68571428571428,98.0
1278,71E,Apr,2019,289.17622747973945,76.1703,4560.307626463333,243.71910196750952,195.07223418004278,286.1614041168277,243.28379959117925,100.72857142857144,101.68571428571428,98.0
1279,71E,May,2019,301.21819134229486,76.1703,4691.658034693312,250.4668836529827,200.33281076676644,295.83709135975573,251.76479546489907,100.72857142857144,101.68571428571428,98.0
1280,71E,Jun,2019,287.8581284306351,76.1703,4413.216174808292,251.42444025579928,200.28792530100944,263.672323727227,220.88661853767152,100.72857142857144,101.68571428571428,98.0
1281,71E,Jul,2019,326.32771565820275,76.1703,5049.802875924081,274.4057987233975,223.40992489464637,298.68597077863683,245.9357518612898,100.72857142857144,101.68571428571428,98.0
1282,71E,Aug,2019,318.3025404915039,76.1703,4386.631009724263,264.03725613352407,214.66025143640974,299.1717244122709,248.31200612312148,100.72857142857144,101.68571428571428,98.0
1283,71E,Sep,2019,298.15085407304423,76.1703,5058.493927423156,254.07567509984773,206.16792131518008,262.4119899750953,214.2567378623952,100.72857142857144,101.68571428571428,98.0
1284,71E,Oct,2019,297.7995360396375,76.1703,5813.092504558864,277.2664990743121,224.38543568376573,261.7949515756141,224.3131509262797,100.72857142857144,101.68571428571428,98.0
1285,71E,Nov,2019,289.4939366130894,76.1703,5089.411489780137,284.5409368913344,228.43111233066583,299.13233898251684,243.2706711145945,100.72857142857144,101.68571428571428,98.0
1286,71E,Dec,2019,324.0764444934574,76.1703,4563.616002562679,316.12534296236294,247.7528091568744,356.4512677513414,296.5460290953298,100.72857142857144,101.68571428571428,98.0
1287,72Q,Jan,2019,448.9182863438922,182.6084,3763.9670464228375,355.296073863303,286.7207043856336,210.67486490216223,201.4912786049273,101.43333333333332,98.81666666666666,97.66666666666666
1288,72Q,Feb,2019,423.3882450095396,182.6084,3488.809934263704,327.31097610863964,263.9731276946891,194.3119812670173,185.0462519796461,101.43333333333332,98.81666666666666,97.66666666666666
1289,72Q,Mar,2019,468.5422466874471,182.6084,3664.30021839083,342.7239572271179,275.997732267014,210.52700751991696,200.05651437721377,101.43333333333332,98.81666666666666,97.66666666666666
1290,72Q,Apr,2019,440.3179152766248,182.6084,3416.863627303016,323.6023566572095,257.28315009929594,202.9260428326408,197.25817651323817,101.43333333333332,98.81666666666666,97.66666666666666
1291,72Q,May,2019,455.3131181260008,182.6084,3494.9651823245813,340.97398470602525,271.18995652134384,206.51295340192456,203.75842513268836,101.43333333333332,98.81666666666666,97.66666666666666
1292,72Q,Jun,2019,444.8289344849416,182.6084,3265.6657634588555,350.5998666136647,280.82823492854243,197.72912965668613,193.9779331071298,101.43333333333332,98.81666666666666,97.66666666666666
1293,72Q,Jul,2019,460.8687223588839,182.6084,3683.32453490639,370.20286458311807,299.26802802270043,207.6684314631748,193.11269361102777,101.43333333333332,98.81666666666666,97.66666666666666
1294,72Q,Aug,2019,429.2792664521457,182.6084,3176.2668091938817,345.42846021426107,275.8014543573282,205.7627140920133,193.0305506208915,101.43333333333332,98.81666666666666,97.66666666666666
1295,72Q,Sep,2019,438.0069591541244,182.6084,3585.442947860011,333.8707904586622,269.7664251553075,195.78507889012772,182.0124375439465,101.43333333333332,98.81666666666666,97.66666666666666
1296,72Q,Oct,2019,448.5595952869638,182.6084,4180.902959557173,351.5234058308175,280.8385653448417,213.7360603345739,194.2462668749083,101.43333333333332,98.81666666666666,97.66666666666666
1297,72Q,Nov,2019,454.0672827756007,182.6084,3791.397328929009,364.51493736875204,293.5801008083344,236.3089540240208,214.4424900497458,101.43333333333332,98.81666666666666,97.66666666666666
1298,72Q,Dec,2019,457.4953835639544,182.6084,3312.1915530720385,393.9091039066328,319.36688597451774,264.138999082189,248.04992541416496,101.43333333333332,98.81666666666666,97.66666666666666
1299,91Q,Jan,2019,353.79021707866235,186.1075,3931.179560200422,192.1132478938078,151.37410108422472,104.63307497011137,96.69142834114692,100.70769230769233,102.3846153846154,97.90769230769232
1300,91Q,Feb,2019,334.1278864634387,186.1075,3498.5962414196097,177.67468751124122,139.72227170150515,100.1410475128622,90.4530983436992,100.70769230769233,102.3846153846154,97.90769230769232
1301,91Q,Mar,2019,367.1377047887036,186.1075,3703.687384979112,184.4009806866107,145.0682012323159,103.67126526335586,96.63769595529466,100.70769230769233,102.3846153846154,97.90769230769232
1302,91Q,Apr,2019,356.97603952936413,186.1075,3511.6532111817096,181.96963373340043,141.74622718661956,104.99845519390676,99.0771462729874,100.70769230769233,102.3846153846154,97.90769230769232
1303,91Q,May,2019,376.54870623967713,186.1075,3689.346211195143,187.62110686528302,146.455065804557,104.73516650323069,97.69622395658423,100.70769230769233,102.3846153846154,97.90769230769232
1304,91Q,Jun,2019,366.84354329166246,186.1075,3468.849992611797,185.3024426585674,146.30121051607398,98.19056190642506,91.30207004016496,100.70769230769233,102.3846153846154,97.90769230769232
1305,91Q,Jul,2019,406.2510141164482,186.1075,3994.352726246928,194.23255031826375,153.55841278550452,98.5666886073909,89.84054914498341,100.70769230769233,102.3846153846154,97.90769230769232
1306,91Q,Aug,2019,380.3813778507459,186.1075,3440.468546404632,186.47477661728996,145.57310661564742,104.6384482086966,96.41201993471516,100.70769230769233,102.3846153846154,97.90769230769232
1307,91Q,Sep,2019,380.4318880304416,186.1075,3888.4247007777767,179.37793056402484,139.8241195685291,92.25850650833524,85.05836680413202,100.70769230769233,102.3846153846154,97.90769230769232
1308,91Q,Oct,2019,375.4024271379074,186.1075,4611.7324664508415,193.72114400724985,150.17359643887852,99.16311809035102,91.94685867039212,100.70769230769233,102.3846153846154,97.90769230769232
1309,91Q,Nov,2019,377.3431708831649,186.1075,4092.8334430369546,195.2380271331386,150.46830516047976,112.66606665502464,103.65514554760018,100.70769230769233,102.3846153846154,97.90769230769232
1310,91Q,Dec,2019,381.82880628144295,186.1075,3576.927313515039,209.5314001307987,160.13518462417923,138.30716118372447,125.85199414316996,100.70769230769233,102.3846153846154,97.90769230769232
1311,92A,Mar,2019,411.2899705751778,104.017,3976.792255112145,184.40098068661067,145.06820123231586,26.18802695713201,25.457377159502773,108.97570112019672,109.9322520543496,103.58073192973228
1312,92A,Apr,2019,402.9558320885652,104.017,3692.9540363594415,181.96963373340043,141.74622718661954,210.14834113654496,204.0339559879635,108.97570112019672,109.9322520543496,103.58073192973228
1313,92A,May,2019,415.1763701071303,104.017,3841.025986136882,187.62110686528302,146.455065804557,208.6966553544132,195.84298720401475,108.97570112019672,109.9322520543496,103.58073192973228
1314,92A,Jun,2019,402.75770873855095,104.017,3659.315304229117,185.3024426585674,146.30121051607398,200.36147937356395,188.5461030408491,108.97570112019672,109.9322520543496,103.58073192973228
1315,92A,Jul,2019,434.1384087278757,104.017,4091.533114779315,194.23255031826375,153.55841278550452,210.5617351009931,192.9107742003711,108.97570112019672,109.9322520543496,103.58073192973228
1316,92A,Aug,2019,408.3915333532549,104.017,3588.086562773393,186.47477661728996,145.5731066156474,208.59090341001956,195.5065037445802,108.97570112019672,109.9322520543496,103.58073192973228
1317,92A,Sep,2019,402.8098101481062,104.017,4010.065662343656,179.37793056402484,139.8241195685291,189.38250478287205,176.61536095061385,108.97570112019672,109.9322520543496,103.58073192973228
1318,92A,Oct,2019,406.082836668318,104.017,4731.043963967429,193.72114400724985,150.1735964388785,208.5812895968928,196.9678033398387,108.97570112019672,109.9322520543496,103.58073192973228
1319,92A,Nov,2019,393.3975413140628,104.017,4246.161685109165,195.2380271331386,150.46830516047973,222.14637991866715,209.04275262697445,108.97570112019672,109.9322520543496,103.58073192973228
1320,92A,Dec,2019,399.0884587544637,104.017,3652.77791130296,209.5314001307987,160.13518462417923,236.4709614774508,214.5226261091937,108.97570112019672,109.9322520543496,103.58073192973228
1321,92G,Jan,2019,312.797434880196,92.7598,5282.2019883613375,226.1145648505162,175.6592487268473,276.69313646644343,258.7543310787647,100.1051724137931,106.0155172413793,101.07068965517242
1322,92G,Feb,2019,291.2673076052342,92.7598,4780.853343797637,205.1333302635467,156.11929961785287,263.1096660406771,235.9535057212284,100.1051724137931,106.0155172413793,101.07068965517242
1323,92G,Mar,2019,333.1662778488095,92.7598,5067.669399890901,224.12195670403202,172.01267257483588,272.6396564028814,254.6685094189509,100.1051724137931,106.0155172413793,101.07068965517242
1324,92G,Apr,2019,325.30292324907987,92.7598,4773.026677504695,219.93438227805288,169.41092515041095,276.0570850734909,256.1777839107027,100.1051724137931,106.0155172413793,101.07068965517242
1325,92G,May,2019,333.80337710948066,92.7598,4891.192089676778,223.11636067570274,172.09733261007509,282.665551240947,259.65989577381583,100.1051724137931,106.0155172413793,101.07068965517242
1326,92G,Jun,2019,324.345064348996,92.7598,4554.8179275936345,219.69898608250966,170.957519452708,265.3627972462209,237.0207783975386,100.1051724137931,106.0155172413793,101.07068965517242
1327,92G,Jul,2019,349.1619516212842,92.7598,5123.609580874474,228.79890743127208,179.88399097317537,261.3955614393304,235.79179773996927,100.1051724137931,106.0155172413793,101.07068965517242
1328,92G,Aug,2019,326.6517047255385,92.7598,4471.225681814752,219.4759791604161,171.7814061371092,266.8397301417209,243.5322197762393,100.1051724137931,106.0155172413793,101.07068965517242
1329,92G,Sep,2019,324.2664289918693,92.7598,5062.009620546832,215.80875421932194,168.9896898531231,243.3273896666444,227.63093495242552,100.1051724137931,106.0155172413793,101.07068965517242
1330,92G,Oct,2019,322.6510934693693,92.7598,5959.661405048308,227.0045276599822,174.38315356153413,261.00746228430853,248.5990698556918,100.1051724137931,106.0155172413793,101.07068965517242
1331,92G,Nov,2019,316.80810437279945,92.7598,5356.264243778016,229.68680536182976,176.08461378195167,280.638811209166,264.0691333961479,100.1051724137931,106.0155172413793,101.07068965517242
1332,92G,Dec,2019,319.82503088622445,92.7598,4714.801023719327,249.95565672544484,192.0068950436505,322.53195888736286,290.4706564697207,100.1051724137931,106.0155172413793,101.07068965517242
1333,93C,Jan,2019,534.3273411019962,151.1457,3418.906392970491,355.296073863303,286.7207043856336,184.5834846773676,173.09787840474456,101.74,97.54,96.82
1334,93C,Feb,2019,510.5854814262,151.1457,3096.9455300415425,327.3109761086396,263.9731276946891,168.95617936864892,155.81653993464585,101.74,97.54,96.82
1335,93C,Mar,2019,549.0932259402682,151.1457,3269.348714518508,342.7239572271179,275.997732267014,173.0184848129983,161.63212053005807,101.74,97.54,96.82
1336,93C,Apr,2019,520.0505207888813,151.1457,2990.2670072651754,323.6023566572095,257.28315009929594,163.76913137456108,156.83542436205593,101.74,97.54,96.82
1337,93C,May,2019,535.2914439511014,151.1457,3147.2810672086603,340.9739847060253,271.18995652134384,168.83047284838403,159.5480387467192,101.74,97.54,96.82
1338,93C,Jun,2019,524.2356216551315,151.1457,2939.818995843084,350.59986661366474,280.8282349285425,159.0782933288873,150.133281992144,101.74,97.54,96.82
1339,93C,Jul,2019,549.8323802794257,151.1457,3363.5955240539424,370.2028645831181,299.2680280227005,166.27002951456774,153.26271273347504,101.74,97.54,96.82
1340,93C,Aug,2019,499.51801473677386,151.1457,2832.154669302534,345.42846021426107,275.8014543573283,156.83542436205593,148.36677457579012,101.74,97.54,96.82
1341,93C,Sep,2019,516.612778266269,151.1457,3232.3314523668223,333.8707904586622,269.76642515530745,151.31095360304658,142.5247294497958,101.74,97.54,96.82
1342,93C,Oct,2019,541.6791876976984,151.1457,3814.2997121320686,351.5234058308175,280.8385653448417,171.43061297807347,156.44507253597024,101.74,97.54,96.82
1343,93C,Nov,2019,532.7212087409697,151.1457,3443.220680442778,364.51493736875204,293.5801008083344,189.7440681408733,169.06865362362277,101.74,97.54,96.82
1344,93C,Dec,2019,543.4237295536691,151.1457,3001.9709459151004,393.9091039066329,319.36688597451774,236.7053776587756,209.39398209806828,101.74,97.54,96.82
1345,97R,Mar,2019,265.6914307027186,55.7677,4896.741303657853,184.40098068661067,145.06820123231586,62.36298533283672,41.991115649851,99.58,103.82,100.42
1346,97R,Apr,2019,267.44872031659906,55.7677,4609.33479415504,181.96963373340043,141.74622718661956,445.2142427056175,364.6477240337352,99.58,103.82,100.42
1347,97R,May,2019,276.8807033462022,55.7677,4787.305196377115,187.62110686528305,146.455065804557,433.148500146596,358.1893458910318,99.58,103.82,100.42
1348,97R,Jun,2019,266.1935134495416,55.7677,4480.67609028165,185.3024426585674,146.301210516074,413.7850234407652,354.40058615027624,99.58,103.82,100.42
1349,97R,Jul,2019,288.8410316365925,55.7677,5097.287497960289,194.23255031826378,153.55841278550452,428.6777636525044,353.90513295340816,99.58,103.82,100.42
1350,97R,Aug,2019,289.809334076894,55.7677,4558.606505199246,186.47477661728996,145.57310661564742,436.18533680034005,378.182339599942,99.58,103.82,100.42
1351,97R,Sep,2019,263.1810169686037,55.7677,5002.6449001841565,179.37793056402484,139.8241195685291,398.9097698124448,341.9792830617376,99.58,103.82,100.42
1352,97R,Oct,2019,271.07088870439344,55.7677,6012.136057251779,193.72114400724985,150.17359643887852,422.5166574279218,370.494071756778,99.58,103.82,100.42
1353,97R,Nov,2019,263.16308544193146,55.7677,5166.234218015088,195.2380271331386,150.46830516047976,454.7502595300424,403.2814156671628,99.58,103.82,100.42
1354,97R,Dec,2019,270.4074222175202,55.7677,4508.541682730326,209.5314001307987,160.13518462417923,537.263617822559,472.5166282836161,99.58,103.82,100.42
1355,99A,Jan,2019,472.98191183396966,49.4814,4564.563654221586,277.9562995380541,224.59818035452201,438.21026384118034,347.0169838105816,86.5,90.0,98.9
1356,99A,Feb,2019,448.69618895870286,49.4814,4143.213409483159,248.23658887650336,199.43840569153272,393.35652762351697,319.67174930551977,86.5,90.0,98.9
1357,99A,Mar,2019,484.5722875266813,49.4814,4359.719005525309,260.5323907384391,208.90792134349743,400.9620971953542,350.2705591883469,86.5,90.0,98.9
1358,99A,Apr,2019,452.7110603373117,49.4814,4063.264176033823,262.3784259875144,208.39802434685316,411.9634481524252,361.76472751612687,86.5,90.0,98.9
1359,99A,May,2019,472.8117928829831,49.4814,4284.316935252438,264.7884697512452,208.71436860599576,417.7473097320397,362.4512392763185,86.5,90.0,98.9
1360,99A,Jun,2019,456.9055907965808,49.4814,3977.252058349198,265.6376043415752,215.55323199772232,400.4177914426309,334.5396325690986,86.5,90.0,98.9
1361,99A,Jul,2019,481.8242491657397,49.4814,4520.688581972216,278.8366523118522,232.538005016554,406.1746829173807,324.9382752372756,86.5,90.0,98.9
1362,99A,Aug,2019,449.4958762989909,49.4814,3834.8753268905084,268.83018390423763,222.3171717491257,409.3007632539676,334.919665864919,86.5,90.0,98.9
1363,99A,Sep,2019,465.6649530509375,49.4814,4240.280186090126,262.91537874316424,217.37221148779201,391.5078495264294,308.65078372672906,86.5,90.0,98.9
1364,99A,Oct,2019,922.3388549840164,49.4814,5270.061073453863,280.2893384492305,234.4256645102533,421.06953628582426,321.25072635396054,86.5,90.0,98.9
1365,99A,Nov,2019,884.7461744280432,49.4814,4696.067613284992,292.63717061694626,247.5456264157446,494.33014840913154,347.2915885146582,86.5,90.0,98.9
1366,99A,Dec,2019,861.5089037869905,49.4814,4063.345014490293,305.35545856181574,256.0910838370561,552.3624585947595,395.14391002773016,86.5,90.0,98.9
1367,99C,Jan,2019,916.739837319928,20.5985,4830.49736631308,361.8465485745078,238.8039864229893,1461.854212496596,1194.6283912971699,93.6,102.1,102.3
1368,99C,Feb,2019,826.1368789741314,20.5985,4335.558414447653,317.1917922506445,213.16831347032175,1295.3778032395028,1043.8005951835007,93.6,102.1,102.3
1369,99C,Mar,2019,908.2488252491823,20.5985,4556.2540961720515,337.9733732832803,229.34139651935607,1300.2459470938593,1074.1806349470642,93.6,102.1,102.3
1370,99C,Apr,2019,929.138644718687,20.5985,4194.625822268612,325.7803566746292,225.4118935364732,1341.4487878321802,1105.4355295482221,93.6,102.1,102.3
1371,99C,May,2019,947.9057111705054,20.5985,4416.2924484792575,334.9251191311175,226.38704593112243,1384.725881169314,1110.783432507066,93.6,102.1,102.3
1372,99C,Jun,2019,914.1828848213512,20.5985,4215.258392601403,331.21954003145044,224.22726396075117,1303.2373862159566,1017.6678345508395,93.6,102.1,102.3
1373,99C,Jul,2019,1004.3516436862571,20.5985,4775.881738961574,361.6515180955779,251.6037645216444,1370.065007358658,1059.0682231557143,93.6,102.1,102.3
1374,99C,Aug,2019,952.1512172058782,20.5985,4233.8519795130715,343.20307945902874,233.56705689616936,1372.4214711954046,1093.9495321643203,93.6,102.1,102.3
1375,99C,Sep,2019,919.875722459692,20.5985,4792.82472024662,342.24959711759396,235.94353939868492,1292.8661232218928,981.5447960953253,93.6,102.1,102.3
1376,99C,Oct,2019,899.9025463387336,20.5985,5553.948103017209,363.25510203344555,249.57400287055972,1408.2764089748819,1059.5620928220983,93.6,102.1,102.3
1377,99C,Nov,2019,898.0692596416408,20.5985,4859.043134208801,378.98033731604835,262.590481501359,1873.8826198798063,1147.7389941144847,93.6,102.1,102.3
1378,99C,Dec,2019,895.0298632754079,20.5985,4291.817365342136,395.28344068436917,269.51045182783287,1786.6370156726011,1269.8800178921924,93.6,102.1,102.3
1379,99G,Jan,2019,486.06158921290574,18.2463,3900.2427889489923,242.9437384049128,150.84002720539522,647.1796333106296,594.8103306876468,100.3,99.5,99.1
1380,99G,Feb,2019,450.6235676452496,18.2463,3501.038566723116,217.08758968796468,139.06498539969772,623.7055364812833,558.8954837992244,100.3,99.5,99.1
1381,99G,Mar,2019,494.3903408255807,18.2463,3701.517567945282,234.61015704832482,151.8012551079011,614.305472539998,569.8940798710054,100.3,99.5,99.1
1382,99G,Apr,2019,483.2853386753474,18.2463,3432.2026931487476,229.81724544271043,148.7985202381464,623.6360350843051,585.5666448895623,100.3,99.5,99.1
1383,99G,May,2019,496.73110108273767,18.2463,3667.044825526271,233.88041751683528,150.8995527865137,602.0906020211006,560.2681363895414,100.3,99.5,99.1
1384,99G,Jun,2019,486.1160254979559,18.2463,3353.6662227410484,231.62065008548532,151.39780394698695,572.9000152903074,529.5137682267414,100.3,99.5,99.1
1385,99G,Jul,2019,519.9753947991574,18.2463,3797.7562574330136,253.7751895173247,167.29333875677517,594.8798320846249,536.7940395601952,100.3,99.5,99.1
1386,99G,Aug,2019,488.8922760355142,18.2463,3462.236179389794,229.6011896297619,149.77738534987262,581.848320151235,536.3944065275713,100.3,99.5,99.1
1387,99G,Sep,2019,486.3337706381565,18.2463,3873.4976406175497,228.7083059129846,149.97359930244835,545.0473304513421,498.1338874911385,100.3,99.5,99.1
1388,99G,Oct,2019,483.0675935351468,18.2463,4503.817212256731,245.47688257917724,164.75137597790055,590.970378504608,542.4931541123976,100.3,99.5,99.1
1389,99G,Nov,2019,489.2188937458152,18.2463,3979.382121306785,246.18016629683643,163.450631797904,656.8055767920936,601.9515992271445,100.3,99.5,99.1
1390,99G,Dec,2019,487.2047511989592,18.2463,3496.9281443361115,264.36633365411006,174.22476198034994,803.4361490665963,729.121780347785,100.3,99.5,99.1
1391,A3A8R,Jan,2019,271.2164256516522,202.9265,4021.224433477146,1340.8781926645922,1082.0765220277776,255.5802223957936,238.90423379893704,103.84285714285714,94.58571428571427,96.41428571428573
1392,A3A8R,Feb,2019,248.95713472612005,202.9265,3696.791695515371,1235.2631576016038,996.2277559854368,240.87539084348276,222.5387024365965,103.84285714285714,94.58571428571427,96.41428571428573
1393,A3A8R,Mar,2019,275.94720255856186,202.9265,3898.322791749722,1293.4313496702557,1041.6083026127233,259.8921284307372,251.57877359536585,103.84285714285714,94.58571428571427,96.41428571428573
1394,A3A8R,Apr,2019,265.4803586520242,202.9265,3586.870122926281,1221.266923719133,970.9799535835205,248.4840570354291,244.5023198054468,103.84285714285714,94.58571428571427,96.41428571428573
1395,A3A8R,May,2019,267.722549790195,202.9265,3744.1241040475247,1286.826998640477,1023.46388130659,239.14570053689388,236.73103315732544,103.84285714285714,94.58571428571427,96.41428571428573
1396,A3A8R,Jun,2019,259.6309501223349,202.9265,3523.280596669237,1323.1548279766505,1059.8384947114507,228.21563472488808,224.0762049313421,103.84285714285714,94.58571428571427,96.41428571428573
1397,A3A8R,Jul,2019,275.8732841693913,202.9265,4088.2536287769217,1397.136035261821,1129.4297968847382,251.2190374347362,235.00627074334795,103.84285714285714,94.58571428571427,96.41428571428573
1398,A3A8R,Aug,2019,249.1986014640769,202.9265,3429.970950073056,1303.6380739890046,1040.8675548584974,229.70385829352008,219.0990333938643,103.84285714285714,94.58571428571427,96.41428571428573
1399,A3A8R,Sep,2019,255.96459801947995,202.9265,3910.6031001372417,1260.0197272822968,1018.09151075226,218.72944144801195,207.6071878241629,103.84285714285714,94.58571428571427,96.41428571428573
1400,A3A8R,Oct,2019,267.7619729310859,202.9265,4427.573530317627,1326.6402410939006,1059.8774814353576,235.9080750912276,223.7263245559353,103.84285714285714,94.58571428571427,96.41428571428573
1401,A3A8R,Nov,2019,271.0636609806999,202.9265,4038.47205761692,1375.669945078845,1107.9637067017622,265.0319204243901,235.63704099760255,103.84285714285714,94.58571428571427,96.41428571428573
1402,A3A8R,Dec,2019,284.78784190334926,202.9265,3585.8796165113968,1486.6027692826945,1205.2823669174256,308.0672065994338,286.0937334453607,103.84285714285714,94.58571428571427,96.41428571428573
1403,B2M3M,Nov,2019,377.4961698632733,94.9705,4593.436909356064,723.5078976925373,550.6747870964074,194.61045779062584,180.68772676427204,102.28333333333332,102.88333333333333,99.9
1404,B2M3M,Dec,2019,384.2666933416166,94.9705,4026.818854275801,785.8794979882566,592.8967417575387,298.9259221287824,278.55651952935966,102.28333333333332,102.88333333333333,99.9
1405,D2P2L,Nov,2019,497.06856258082473,137.9528,4606.880034330583,964.6771969233832,734.2330494618766,194.6104577906258,180.68772676427204,94.37820996978851,91.25154833836856,99.31642749244712
1406,D2P2L,Dec,2019,550.2461711541919,137.9528,4047.6307838623065,1047.8393306510088,790.5289890100515,298.9259221287824,278.55651952935966,94.37820996978851,91.25154833836856,99.31642749244712
1407,D4U1Y,Mar,2019,389.2537602036775,74.4707,4126.522242976097,529.9057157708086,370.2645052919477,29.522696325930564,28.53148005692302,106.045481874195,106.5441624884952,102.28079284893886
1408,D4U1Y,Apr,2019,368.50734584205605,74.4707,3738.946995261224,517.708561234433,361.8848579626754,218.15698300200145,215.1794470723553,106.045481874195,106.5441624884952,102.28079284893886
1409,D4U1Y,May,2019,278.95534753936784,74.4707,3939.294245924908,531.4488916762396,372.6264404659808,227.53272277002577,212.98322279004444,106.045481874195,106.5441624884952,102.28079284893886
1410,D4U1Y,Jun,2019,274.02723487223835,74.4707,3653.7725575293375,523.941913690868,370.13309948340674,213.4069191560124,198.4142871969453,106.045481874195,106.5441624884952,102.28079284893886
1411,D4U1Y,Jul,2019,285.5485445953912,74.4707,4244.998368485862,550.5734908885235,388.536651438568,215.54872372159335,192.92178292985645,106.045481874195,106.5441624884952,102.28079284893886
1412,D4U1Y,Aug,2019,264.19786573780027,74.4707,3658.351539598796,527.216950765276,368.7887169806404,211.06687133662984,196.02370678345653,106.045481874195,106.5441624884952,102.28079284893886
1413,D4U1Y,Sep,2019,267.9845899125428,74.4707,4065.464672683351,516.296791137543,362.63959901686,203.12159269407528,182.51984278921265,106.045481874195,106.5441624884952,102.28079284893886
1414,D4U1Y,Oct,2019,275.14176716480443,74.4707,4867.713073732354,556.4564278555156,388.0379832420531,215.9102261255844,198.72525700683,106.045481874195,106.5441624884952,102.28079284893886
1415,D4U1Y,Nov,2019,272.6844248811949,74.4707,4319.014055192177,556.7192394725977,383.6982221804919,231.44705525194968,212.37683166076928,106.045481874195,106.5441624884952,102.28079284893886
1416,D4U1Y,Dec,2019,279.34476243677045,74.4707,3723.7598142625225,598.7792063448566,409.6458152977926,260.14956870430933,239.13578380134933,106.045481874195,106.5441624884952,102.28079284893886
1417,D9Y0V,Mar,2019,209.50097630619345,161.1687,4302.640649207941,1059.8114315416171,740.5290105838957,29.522696325930564,28.531480056923023,101.9411856474259,105.70920436817472,101.12464898595944
1418,D9Y0V,Apr,2019,206.56616328108373,161.1687,4040.0648513017727,1035.417122468866,723.7697159253507,218.15698300200145,215.1794470723553,101.9411856474259,105.70920436817472,101.12464898595944
1419,D9Y0V,May,2019,216.21443865961567,161.1687,4176.294776839423,1062.8977833524789,745.2528809319615,227.53272277002577,212.9832227900445,101.9411856474259,105.70920436817472,101.12464898595944
1420,D9Y0V,Jun,2019,212.3489238295029,161.1687,3906.0127679878287,1047.883827381736,740.2661989668136,213.4069191560124,198.4142871969453,101.9411856474259,105.70920436817472,101.12464898595944
1421,D9Y0V,Jul,2019,213.91870754060807,161.1687,4412.271117158604,1101.146981777047,777.0733028771358,215.54872372159335,192.92178292985648,101.9411856474259,105.70920436817472,101.12464898595944
1422,D9Y0V,Aug,2019,222.67971386503703,161.1687,3864.764063990093,1054.433901530552,737.5774339612809,211.06687133662987,196.02370678345656,101.9411856474259,105.70920436817472,101.12464898595944
1423,D9Y0V,Sep,2019,217.49880715051992,161.1687,4332.590633292941,1032.5935822750862,725.27919803372,203.1215926940753,182.5198427892126,101.9411856474259,105.70920436817472,101.12464898595944
1424,D9Y0V,Oct,2019,222.0344272802349,161.1687,5219.760412536677,1112.9128557110314,776.0759664841062,215.9102261255844,198.72525700683008,101.9411856474259,105.70920436817472,101.12464898595944
1425,D9Y0V,Nov,2019,217.4863977931199,161.1687,4578.525482925655,1113.4384789451956,767.3964443609838,231.44705525194965,212.37683166076928,101.9411856474259,105.70920436817472,101.12464898595944
1426,D9Y0V,Dec,2019,218.23095923712236,161.1687,3988.162713976101,1197.5584126897131,819.2916305955852,260.1495687043093,239.1357838013494,101.9411856474259,105.70920436817472,101.12464898595944
1427,M1J4Y,Jan,2019,365.46004270558507,95.0227,4809.819127429551,600.2731287403813,372.70034479734414,202.2043153899016,186.9658513176325,101.628046875,99.153359375,97.987890625
1428,M1J4Y,Feb,2019,335.24620958991903,95.0227,4304.824005211386,536.3869327453615,343.60619636543765,201.97279176449416,178.86252442837343,101.628046875,99.153359375,97.987890625
1429,M1J4Y,Mar,2019,371.7848471996691,95.0227,4583.557402599589,579.6822504268431,375.07537732239774,201.7307443379319,184.98737670051472,101.628046875,99.153359375,97.987890625
1430,M1J4Y,Apr,2019,350.5057212644978,95.0227,4214.2351248701625,567.8397717354062,367.6561243427578,203.1725050961507,184.7137578704878,101.628046875,99.153359375,97.987890625
1431,M1J4Y,May,2019,369.14337310979374,95.0227,4443.11727618769,577.8791867438323,372.8474224995837,197.67908089330237,180.5779040166192,101.628046875,99.153359375,97.987890625
1432,M1J4Y,Jun,2019,361.63990288636296,95.0227,4179.980152111022,572.2956813810342,374.0785173405519,188.57599289432943,171.0222925679864,101.628046875,99.153359375,97.987890625
1433,M1J4Y,Jul,2019,381.4772680633154,95.0227,4672.420379551412,627.0358232256756,413.3537111608189,198.6367467983966,170.40138829984835,101.628046875,99.153359375,97.987890625
1434,M1J4Y,Aug,2019,355.93600266041693,95.0227,4079.014803831085,567.3059341494996,370.0747354462529,191.9436092638917,157.04668463430318,101.628046875,99.153359375,97.987890625
1435,M1J4Y,Sep,2019,357.38828721979064,95.0227,4506.575797151628,565.0997686159062,370.5595471314128,171.50638742111096,151.0270703737107,101.628046875,99.153359375,97.987890625
1436,M1J4Y,Oct,2019,371.4901807673325,95.0227,5283.22179858076,606.5321020690201,407.07294854295935,171.29591139801332,152.40568832500023,101.628046875,99.153359375,97.987890625
1437,M1J4Y,Nov,2019,385.4973601044803,95.0227,4732.690188765421,608.269797884369,403.85902838290974,223.89386957011325,194.24832171681084,101.628046875,99.153359375,97.987890625
1438,M1J4Y,Dec,2019,417.1213825749005,95.0227,4218.444645332115,653.2047595797064,430.4800924882696,302.0436169462665,238.23781054421733,101.628046875,99.153359375,97.987890625
1439,M2L0M,Nov,2019,284.78793381238364,50.3357,4908.226169497991,482.3385984616916,367.11652473093824,194.61045779062584,180.68772676427204,98.85,102.1,99.35
1440,M2L0M,Dec,2019,289.1188560008105,50.3357,4196.564267507952,523.9196653255045,395.2644945050259,298.9259221287824,278.5565195293597,98.85,102.1,99.35
1441,W2U3Z,Jan,2019,578.1093073582806,210.8074,4467.0158637694885,1532.4322201881057,1236.65888231746,35.439932374290464,33.85554776540103,104.575,97.125,96.625
1442,W2U3Z,Feb,2019,529.9349074083736,210.8074,4159.393835320771,1411.729322973261,1138.546006840499,32.29013782248631,29.98471590655736,104.575,97.125,96.625
1443,W2U3Z,Mar,2019,571.601945662249,210.8074,4377.963012683616,1478.2072567660066,1190.4094887002552,32.067185497283305,31.15640153049656,104.575,97.125,96.625
1444,W2U3Z,Apr,2019,546.1696316163475,210.8074,4048.230754707852,1395.7336271075806,1109.6913755240234,32.00551783286545,31.459996186092138,104.575,97.125,96.625
1445,W2U3Z,May,2019,493.06618268618655,210.8074,4221.863179376056,1470.6594270176884,1169.673007207531,32.88783980069011,31.73512884272564,104.575,97.125,96.625
1446,W2U3Z,Jun,2019,478.13312056407887,210.8074,3994.76014599108,1512.176946259029,1211.243993955944,29.10713760522638,27.98288864622399,104.575,97.125,96.625
1447,W2U3Z,Jul,2019,499.53180011707366,210.8074,4551.1163270359575,1596.726897442081,1290.776910725415,30.686778547622144,28.651745621833008,104.575,97.125,96.625
1448,W2U3Z,Aug,2019,459.44781824546953,210.8074,3935.1891821634345,1489.8720845588628,1189.562919838283,29.64317191901233,28.4050749641616,104.575,97.125,96.625
1449,W2U3Z,Sep,2019,477.0515646035196,210.8074,4415.41900331772,1440.0225454654822,1163.53315514544,27.79788565297044,26.204013711093637,104.575,97.125,96.625
1450,W2U3Z,Oct,2019,493.2511856794401,210.8074,5041.75375247738,1516.1602755358865,1211.2885502118374,31.02832253516717,29.619453586543926,104.575,97.125,96.625
1451,W2U3Z,Nov,2019,488.5170065187465,210.8074,4610.568699201262,1572.1942229472518,1266.244236230585,34.4105567451617,32.92578913263956,104.575,97.125,96.625
1452,W2U3Z,Dec,2019,507.3967991635967,210.8074,4108.589167173448,1698.9745934659366,1377.4655621913437,41.57349315061995,38.65139459051248,104.575,97.125,96.625
1453,X2C4Y,Jan,2019,386.2042026902122,44.0337,4771.845200380617,435.4100760973288,308.1662105612732,344.78927610364553,301.60645835026924,93.3,97.6,98.3
1454,X2C4Y,Feb,2019,351.9804150003293,44.0337,4205.824175574617,393.6863760462049,279.7521865087873,301.5731077162945,263.4283201077226,93.3,97.6,98.3
1455,X2C4Y,Mar,2019,393.13071579267694,44.0337,4392.862739220188,420.8522137684006,299.082906411571,320.6413326913337,290.592411480122,93.3,97.6,98.3
1456,X2C4Y,Apr,2019,385.954394020943,44.0337,4196.217896747264,447.5265377025029,297.9317293815625,296.8394021065094,274.77170448837006,93.3,97.6,98.3
1457,X2C4Y,May,2019,387.0217583350933,44.0337,4312.288088441353,457.964738412805,301.8185686795126,295.405324845597,272.45591984175127,93.3,97.6,98.3
1458,X2C4Y,Jun,2019,383.7742456345935,44.0337,4035.727181681303,448.40932233506567,294.9794130096586,274.4882240995849,250.66128053927977,93.3,97.6,98.3
1459,X2C4Y,Jul,2019,407.0064518766308,44.0337,4605.063848824877,483.1321845491994,327.3675847303481,283.7492782714366,252.7623704796863,93.3,97.6,98.3
1460,X2C4Y,Aug,2019,390.40553030974,44.0337,3982.51793512696,459.6527002377052,306.8436504341004,281.00827304164034,253.09379240481,93.3,97.6,98.3
1461,X2C4Y,Sep,2019,388.67957950388,44.0337,4598.750502456073,453.0787033219541,305.26239883951007,263.9369172758369,240.8687006384562,93.3,97.6,98.3
1462,X2C4Y,Oct,2019,391.2685057126701,44.0337,5225.611293168641,488.34805126100775,327.2026689198693,286.45484845263485,254.68003193323207,93.3,97.6,98.3
1463,X2C4Y,Nov,2019,389.54255490681,44.0337,4606.948768783908,499.4976535067083,306.953594307753,326.9842063903984,276.37461933377944,93.3,97.6,98.3
1464,X2C4Y,Dec,2019,404.5310750629631,44.0337,4160.472547162741,532.9173574537258,311.64561079804054,365.41455880237874,334.34635884031513,93.3,97.6,98.3
